id,fr_event_id,fr_alert_dt,va_engine_id,person_id,score,info,key
0,f619ca9d-39aa-48b9-8907-cb4140c89a26,2023-01-14 13:51:49,1,ac2451cf-bf81-430d-a83b-722d19b0cf38,0.9489297,,S9000992C
1,eedf4d5b-70b9-4858-9a13-9b3b28660722,2023-01-14 13:52:11,1,ac2451cf-bf81-430d-a83b-722d19b0cf38,0.99091256,,S9000992C
2,8b5ac3cf-d57d-40a9-abc9-6a44dd706650,2023-01-14 13:52:33,1,ac2451cf-bf81-430d-a83b-722d19b0cf38,0.98986053,,S9000992C
3,7a141a3e-3cf1-450d-8fde-db1c9f07d8a7,2023-01-14 13:52:55,1,ac2451cf-bf81-430d-a83b-722d19b0cf38,0.97830725,,S9000992C
4,119f79ca-4a6f-4b75-a6f8-accf1e6502bf,2023-01-14 13:53:17,1,ac2451cf-bf81-430d-a83b-722d19b0cf38,0.9564961,,S9000992C
5,6b441829-2f1f-4be9-b7fc-6025b91919b2,2023-01-14 15:51:49,1,ac2451cf-bf81-430d-a83b-722d19b0cf38,0.9426421,,S9000992C
6,8ba454a4-5dec-4527-8a4a-fd11dbbee762,2023-01-14 15:52:11,1,ac2451cf-bf81-430d-a83b-722d19b0cf38,0.92849934,,S9000992C
7,6f377c20-6da2-4e67-b82a-40349474a032,2023-01-14 15:52:33,1,ac2451cf-bf81-430d-a83b-722d19b0cf38,0.99496233,,S9000992C
8,16f2171e-e4b5-4521-b25c-b7abb6eb0d46,2023-01-14 15:52:55,1,ac2451cf-bf81-430d-a83b-722d19b0cf38,0.94700277,,S9000992C
9,a49028a6-6574-4c1e-8381-ec3ebfcf4c41,2023-01-14 15:53:17,1,ac2451cf-bf81-430d-a83b-722d19b0cf38,0.98811424,,S9000992C
10,71b4b9ab-9235-4a76-b3e6-b94e0fc4930f,2023-01-15 13:51:49,1,ac2451cf-bf81-430d-a83b-722d19b0cf38,0.9112662,,S9000992C
11,d3e5f9eb-320f-4095-a33a-748f50703a84,2023-01-15 13:52:11,1,ac2451cf-bf81-430d-a83b-722d19b0cf38,0.9030582,,S9000992C
12,04a129a9-2ea8-4a0a-96ab-075cbe09e3ad,2023-01-15 13:52:33,1,ac2451cf-bf81-430d-a83b-722d19b0cf38,0.9212841,,S9000992C
13,2802de4b-ad9a-4bfa-9372-c338df31d040,2023-01-15 13:52:55,1,ac2451cf-bf81-430d-a83b-722d19b0cf38,0.97330976,,S9000992C
14,a8025cf4-dd40-4457-8722-a5027608614a,2023-01-15 13:53:17,1,ac2451cf-bf81-430d-a83b-722d19b0cf38,0.9852059,,S9000992C
15,f27bf432-8ac0-4174-a4d7-51c60228f3f3,2023-01-15 15:51:49,1,ac2451cf-bf81-430d-a83b-722d19b0cf38,0.93451023,,S9000992C
16,eeed350e-7a2c-404a-8da3-c2aadf66585a,2023-01-15 15:52:11,1,ac2451cf-bf81-430d-a83b-722d19b0cf38,0.96194977,,S9000992C
17,9481b742-a815-4f81-b06f-e31d1107f9b9,2023-01-15 15:52:33,1,ac2451cf-bf81-430d-a83b-722d19b0cf38,0.99742764,,S9000992C
18,c2e2a1a9-d158-4bce-b6ec-0e63aa83a06d,2023-01-15 15:52:55,1,ac2451cf-bf81-430d-a83b-722d19b0cf38,0.9069733,,S9000992C
19,d9f27106-1e7e-4cec-aa30-ac4efceeb681,2023-01-15 15:53:17,1,ac2451cf-bf81-430d-a83b-722d19b0cf38,0.9982287,,S9000992C
20,569e00cf-71fb-4525-9a6c-c1d8fd2f8a29,2023-01-16 13:51:49,1,ac2451cf-bf81-430d-a83b-722d19b0cf38,0.9388974,,S9000992C
21,0af0002f-03d7-4411-9272-43b6cb2528c9,2023-01-16 13:52:11,1,ac2451cf-bf81-430d-a83b-722d19b0cf38,0.9279272,,S9000992C
22,51e5fecd-5d46-45b9-90d1-756a4f5f9b71,2023-01-16 13:52:33,1,ac2451cf-bf81-430d-a83b-722d19b0cf38,0.9473963,,S9000992C
23,ade7c6a2-1237-4565-8687-25a7baf44e38,2023-01-16 13:52:55,1,ac2451cf-bf81-430d-a83b-722d19b0cf38,0.96958965,,S9000992C
24,36734d62-7738-4963-a00c-cd32654da765,2023-01-16 13:53:17,1,ac2451cf-bf81-430d-a83b-722d19b0cf38,0.920572,,S9000992C
25,b9f9e8b4-928b-4606-a869-1b0be9efdb38,2023-01-16 15:51:49,1,ac2451cf-bf81-430d-a83b-722d19b0cf38,0.94884807,,S9000992C
26,e84a30c1-43a2-4e88-9c71-2a25340896b4,2023-01-16 15:52:11,1,ac2451cf-bf81-430d-a83b-722d19b0cf38,0.9614552,,S9000992C
27,a49ab5d7-3f8f-4fdc-a3f6-9d5abb291ae4,2023-01-16 15:52:33,1,ac2451cf-bf81-430d-a83b-722d19b0cf38,0.97170115,,S9000992C
28,d2d22f6d-8ead-4242-b7e4-8c935faf0bdf,2023-01-16 15:52:55,1,ac2451cf-bf81-430d-a83b-722d19b0cf38,0.9136997,,S9000992C
29,79d06fd0-4a9d-4699-a44b-0ca76d386bda,2023-01-16 15:53:17,1,ac2451cf-bf81-430d-a83b-722d19b0cf38,0.9490831,,S9000992C
30,3810da23-e41c-4edf-abf1-ab503b106606,2023-01-17 13:51:49,1,ac2451cf-bf81-430d-a83b-722d19b0cf38,0.9110222,,S9000992C
31,cf4b8a58-9bd0-4f06-9f8f-50d477571c14,2023-01-17 13:52:11,1,ac2451cf-bf81-430d-a83b-722d19b0cf38,0.9818448,,S9000992C
32,35c4ad48-4b88-4431-bac1-ee93c5bd453f,2023-01-17 13:52:33,1,ac2451cf-bf81-430d-a83b-722d19b0cf38,0.9911143,,S9000992C
33,018eb715-57b2-48eb-8e12-5611af2d6daa,2023-01-17 13:52:55,1,ac2451cf-bf81-430d-a83b-722d19b0cf38,0.9283913,,S9000992C
34,08a2ba8c-cc4a-4cdf-a273-c1b5b29a9e90,2023-01-17 13:53:17,1,ac2451cf-bf81-430d-a83b-722d19b0cf38,0.96106935,,S9000992C
35,41686002-3fc5-447a-9943-f49ed2e58774,2023-01-17 15:51:49,1,ac2451cf-bf81-430d-a83b-722d19b0cf38,0.90473485,,S9000992C
36,e1d47556-000b-4093-a25a-f223e73f48f7,2023-01-17 15:52:11,1,ac2451cf-bf81-430d-a83b-722d19b0cf38,0.90511423,,S9000992C
37,5af0ebd7-1d84-4306-bd0c-1f6b3d4d1a4c,2023-01-17 15:52:33,1,ac2451cf-bf81-430d-a83b-722d19b0cf38,0.97665197,,S9000992C
38,de32b195-fd23-4947-92b8-11bb77835c2c,2023-01-17 15:52:55,1,ac2451cf-bf81-430d-a83b-722d19b0cf38,0.92090875,,S9000992C
39,926cd87b-4cb9-48f3-a93c-acb5747b7676,2023-01-17 15:53:17,1,ac2451cf-bf81-430d-a83b-722d19b0cf38,0.949803,,S9000992C
40,2a1b3f75-ea7f-43ca-b86d-f7d063dbe6d3,2023-01-18 13:51:49,1,ac2451cf-bf81-430d-a83b-722d19b0cf38,0.9988258,,S9000992C
41,96832ae9-c83b-4447-938d-9837352f09ea,2023-01-18 13:52:11,1,ac2451cf-bf81-430d-a83b-722d19b0cf38,0.92500937,,S9000992C
42,d2b9c82e-1b24-4205-b1b0-6e7c7ff2c1ef,2023-01-18 13:52:33,1,ac2451cf-bf81-430d-a83b-722d19b0cf38,0.92041415,,S9000992C
43,514d184f-dc7d-436c-8363-578946f3e2ed,2023-01-18 13:52:55,1,ac2451cf-bf81-430d-a83b-722d19b0cf38,0.91698986,,S9000992C
44,cae1f9e9-0dc6-4cf9-a6d1-dfc855752b00,2023-01-18 13:53:17,1,ac2451cf-bf81-430d-a83b-722d19b0cf38,0.97414786,,S9000992C
45,f2244dda-cd09-47a4-8fdd-6b2f525c7c54,2023-01-18 15:51:49,1,ac2451cf-bf81-430d-a83b-722d19b0cf38,0.90560395,,S9000992C
46,d484badc-c1c0-45ed-889b-8137441e4ecc,2023-01-18 15:52:11,1,ac2451cf-bf81-430d-a83b-722d19b0cf38,0.9039017,,S9000992C
47,935bb6e4-a1a1-4747-8be2-1cb23fc4615e,2023-01-18 15:52:33,1,ac2451cf-bf81-430d-a83b-722d19b0cf38,0.96607333,,S9000992C
48,c3916179-4c2b-473f-b3e6-e725bd192297,2023-01-18 15:52:55,1,ac2451cf-bf81-430d-a83b-722d19b0cf38,0.964798,,S9000992C
49,3e08f85d-9b42-47c3-9561-77190c9eef88,2023-01-18 15:53:17,1,ac2451cf-bf81-430d-a83b-722d19b0cf38,0.90945125,,S9000992C
50,6bc2b98c-86a8-4e2b-bcbe-d2e9d9e0c40f,2023-01-19 13:51:49,1,ac2451cf-bf81-430d-a83b-722d19b0cf38,0.9464378,,S9000992C
51,775edad2-fc8d-4249-a2b2-bf77b2e48d88,2023-01-19 13:52:11,1,ac2451cf-bf81-430d-a83b-722d19b0cf38,0.98301077,,S9000992C
52,482c7284-3286-43d0-a1e3-4098098b3f87,2023-01-19 13:52:33,1,ac2451cf-bf81-430d-a83b-722d19b0cf38,0.90192634,,S9000992C
53,3cc4d30d-4ce1-4709-975d-a292318dca44,2023-01-19 13:52:55,1,ac2451cf-bf81-430d-a83b-722d19b0cf38,0.9436443,,S9000992C
54,df86df75-99cc-442d-9faf-2bd2807148e8,2023-01-19 13:53:17,1,ac2451cf-bf81-430d-a83b-722d19b0cf38,0.9847169,,S9000992C
55,02481cae-abd8-437d-8029-0f5e972989e7,2023-01-19 15:51:49,1,ac2451cf-bf81-430d-a83b-722d19b0cf38,0.91040856,,S9000992C
56,e9b0ec91-fc4c-4060-800b-627ddf075a70,2023-01-19 15:52:11,1,ac2451cf-bf81-430d-a83b-722d19b0cf38,0.919895,,S9000992C
57,a435eeaf-d53e-4354-b2cf-5dfe961bd8b3,2023-01-19 15:52:33,1,ac2451cf-bf81-430d-a83b-722d19b0cf38,0.9221153,,S9000992C
58,4b421ca7-1050-4e90-a221-80349a6425fd,2023-01-19 15:52:55,1,ac2451cf-bf81-430d-a83b-722d19b0cf38,0.97343147,,S9000992C
59,16ebaad3-bf0c-4f49-bcf8-b7635d3d26ed,2023-01-19 15:53:17,1,ac2451cf-bf81-430d-a83b-722d19b0cf38,0.9366468,,S9000992C
60,33ecde3d-f2dc-44c9-88f1-125d505b1cff,2023-01-20 13:51:49,1,ac2451cf-bf81-430d-a83b-722d19b0cf38,0.9481154,,S9000992C
61,d77b79fe-3587-44be-973f-ddc9d0649635,2023-01-20 13:52:11,1,ac2451cf-bf81-430d-a83b-722d19b0cf38,0.9344678,,S9000992C
62,20749462-ab71-49ad-89c2-6657855edab4,2023-01-20 13:52:33,1,ac2451cf-bf81-430d-a83b-722d19b0cf38,0.939748,,S9000992C
63,a84cfbad-fcea-4e6c-88a6-2f5503faa216,2023-01-20 13:52:55,1,ac2451cf-bf81-430d-a83b-722d19b0cf38,0.9407327,,S9000992C
64,54626413-c079-4be9-b5d5-10a4a3315491,2023-01-20 13:53:17,1,ac2451cf-bf81-430d-a83b-722d19b0cf38,0.9724939,,S9000992C
65,883ab17d-1336-4941-9c6f-09115e2ca275,2023-01-20 15:51:49,1,ac2451cf-bf81-430d-a83b-722d19b0cf38,0.94142866,,S9000992C
66,aefab913-e1fa-470a-bda2-f07d535bbf5f,2023-01-20 15:52:11,1,ac2451cf-bf81-430d-a83b-722d19b0cf38,0.9557335,,S9000992C
67,b91c1d31-d95f-42a7-811a-afc0fba92df5,2023-01-20 15:52:33,1,ac2451cf-bf81-430d-a83b-722d19b0cf38,0.97517633,,S9000992C
68,865a5422-1543-4c99-bf49-cdc2acb8fa84,2023-01-20 15:52:55,1,ac2451cf-bf81-430d-a83b-722d19b0cf38,0.95023614,,S9000992C
69,8ff984e3-63b0-44be-9fbc-52cc9b5c183d,2023-01-20 15:53:17,1,ac2451cf-bf81-430d-a83b-722d19b0cf38,0.98311365,,S9000992C
70,95281549-e569-4fe7-a40a-24e76fa3e673,2023-01-21 13:51:49,1,ac2451cf-bf81-430d-a83b-722d19b0cf38,0.99636495,,S9000992C
71,2d7336e5-2075-433b-aefe-99e6bda6f328,2023-01-21 13:52:11,1,ac2451cf-bf81-430d-a83b-722d19b0cf38,0.942972,,S9000992C
72,309b3b55-7949-4422-b780-42633e54e85d,2023-01-21 13:52:33,1,ac2451cf-bf81-430d-a83b-722d19b0cf38,0.95715237,,S9000992C
73,cf7cda46-8d18-448c-9c1d-478af82e75ae,2023-01-21 13:52:55,1,ac2451cf-bf81-430d-a83b-722d19b0cf38,0.929443,,S9000992C
74,51be080b-7f92-4f64-b05d-6c32e6475f45,2023-01-21 13:53:17,1,ac2451cf-bf81-430d-a83b-722d19b0cf38,0.98584306,,S9000992C
75,7d576af3-19fd-4e84-8787-55e9d727b7aa,2023-01-21 15:51:49,1,ac2451cf-bf81-430d-a83b-722d19b0cf38,0.9534432,,S9000992C
76,e8f2b533-f81e-4d17-8654-b44bfaa12772,2023-01-21 15:52:11,1,ac2451cf-bf81-430d-a83b-722d19b0cf38,0.98528564,,S9000992C
77,bb4e7b74-753a-488b-8cc5-9afff288f139,2023-01-21 15:52:33,1,ac2451cf-bf81-430d-a83b-722d19b0cf38,0.94436675,,S9000992C
78,b9a184d4-60de-4e61-ad54-bbf1c531aa78,2023-01-21 15:52:55,1,ac2451cf-bf81-430d-a83b-722d19b0cf38,0.9044289,,S9000992C
79,b5c0335f-c560-4cdb-a936-1c4b7d959ca4,2023-01-21 15:53:17,1,ac2451cf-bf81-430d-a83b-722d19b0cf38,0.9820841,,S9000992C
80,127e27cd-2311-4bc9-aeed-45d95b9869bc,2023-01-22 13:51:49,1,ac2451cf-bf81-430d-a83b-722d19b0cf38,0.991052,,S9000992C
81,e3c365f2-9cf7-4c55-82e0-2f19a2202907,2023-01-22 13:52:11,1,ac2451cf-bf81-430d-a83b-722d19b0cf38,0.9591178,,S9000992C
82,675f7b25-02d3-4efa-a4cb-fcdc23d41bd9,2023-01-22 13:52:33,1,ac2451cf-bf81-430d-a83b-722d19b0cf38,0.97149247,,S9000992C
83,5555c5f8-9434-470a-8aab-3a57328ea653,2023-01-22 13:52:55,1,ac2451cf-bf81-430d-a83b-722d19b0cf38,0.9449056,,S9000992C
84,46e62e82-cb02-4e7a-a336-d99289efc685,2023-01-22 13:53:17,1,ac2451cf-bf81-430d-a83b-722d19b0cf38,0.9578859,,S9000992C
85,e401567e-233c-481a-a405-8706b031175e,2023-01-22 15:51:49,1,ac2451cf-bf81-430d-a83b-722d19b0cf38,0.9341623,,S9000992C
86,78d5d822-c359-4e14-979f-c7b8682e0c3b,2023-01-22 15:52:11,1,ac2451cf-bf81-430d-a83b-722d19b0cf38,0.9286903,,S9000992C
87,c78daca6-a09e-4729-8edd-683f5920ec1e,2023-01-22 15:52:33,1,ac2451cf-bf81-430d-a83b-722d19b0cf38,0.9620896,,S9000992C
88,8638ddbe-3554-4de7-8ff6-4a33e627559a,2023-01-22 15:52:55,1,ac2451cf-bf81-430d-a83b-722d19b0cf38,0.936931,,S9000992C
89,45d9af3a-8712-4873-a58a-98953e69c0b5,2023-01-22 15:53:17,1,ac2451cf-bf81-430d-a83b-722d19b0cf38,0.9548092,,S9000992C
90,28a63767-d5e2-4370-abd5-145e9e847f0f,2023-01-23 13:51:49,1,ac2451cf-bf81-430d-a83b-722d19b0cf38,0.9031762,,S9000992C
91,8692a333-53a4-404a-8e6e-4b989c638726,2023-01-23 13:52:11,1,ac2451cf-bf81-430d-a83b-722d19b0cf38,0.9241523,,S9000992C
92,ef0ffc67-9388-49b8-b747-1251f536925f,2023-01-23 13:52:33,1,ac2451cf-bf81-430d-a83b-722d19b0cf38,0.9385935,,S9000992C
93,8fb5d569-ab8e-4291-9645-c47382bfa949,2023-01-23 13:52:55,1,ac2451cf-bf81-430d-a83b-722d19b0cf38,0.90831214,,S9000992C
94,4cfbcab9-b057-4082-9063-8c561fcf3a64,2023-01-23 13:53:17,1,ac2451cf-bf81-430d-a83b-722d19b0cf38,0.9598638,,S9000992C
95,c36ae8a4-2169-48a4-a18c-61355292a57e,2023-01-23 15:51:49,1,ac2451cf-bf81-430d-a83b-722d19b0cf38,0.90668994,,S9000992C
96,31c0a385-d5d8-4be2-9e14-8e5b3bb5b977,2023-01-23 15:52:11,1,ac2451cf-bf81-430d-a83b-722d19b0cf38,0.9937588,,S9000992C
97,50546fc4-f23c-4dd2-b68a-29b74370b4f0,2023-01-23 15:52:33,1,ac2451cf-bf81-430d-a83b-722d19b0cf38,0.9941159,,S9000992C
98,003ff136-916a-447a-97e3-4175fbc59d02,2023-01-23 15:52:55,1,ac2451cf-bf81-430d-a83b-722d19b0cf38,0.9920726,,S9000992C
99,109e62dc-2a33-4734-a076-56d22314ee87,2023-01-23 15:53:17,1,ac2451cf-bf81-430d-a83b-722d19b0cf38,0.90762097,,S9000992C
100,271ba91f-241a-47bb-bb64-32bce5d8acb9,2023-01-14 13:51:49,1,b673e11f-eed5-42ac-a826-64d59942c066,0.9607556,,S8526798A
101,050589d8-2a81-4873-9492-3896893cd191,2023-01-14 13:52:11,1,b673e11f-eed5-42ac-a826-64d59942c066,0.9410471,,S8526798A
102,b286e866-8a32-482b-871f-28bbc6daabdb,2023-01-14 13:52:33,1,b673e11f-eed5-42ac-a826-64d59942c066,0.9576588,,S8526798A
103,7bc7d3ec-6c74-48fd-b46d-4bb8e47b5441,2023-01-14 13:52:55,1,b673e11f-eed5-42ac-a826-64d59942c066,0.98880756,,S8526798A
104,cc29eeb1-850c-4c73-aadb-472ed5a94145,2023-01-14 13:53:17,1,b673e11f-eed5-42ac-a826-64d59942c066,0.94757926,,S8526798A
105,83151e1d-54c3-4791-9cae-ca0aded1fad4,2023-01-14 15:51:49,1,b673e11f-eed5-42ac-a826-64d59942c066,0.98079544,,S8526798A
106,53252df3-4d93-4b89-85ed-66dadcd4564f,2023-01-14 15:52:11,1,b673e11f-eed5-42ac-a826-64d59942c066,0.9403554,,S8526798A
107,958c0624-e331-45de-b471-ae34d058a10d,2023-01-14 15:52:33,1,b673e11f-eed5-42ac-a826-64d59942c066,0.95432913,,S8526798A
108,501c7ef3-6d1d-4751-9e1b-92cbe5e8b06d,2023-01-14 15:52:55,1,b673e11f-eed5-42ac-a826-64d59942c066,0.9073795,,S8526798A
109,14c520cb-613f-4791-bbec-fb5c954da315,2023-01-14 15:53:17,1,b673e11f-eed5-42ac-a826-64d59942c066,0.97034,,S8526798A
110,86f05bf2-1b2d-49f0-9e7f-8f5884e26b6b,2023-01-15 13:51:49,1,b673e11f-eed5-42ac-a826-64d59942c066,0.9722331,,S8526798A
111,d97e9d51-9425-4864-8c45-a3f91f06756c,2023-01-15 13:52:11,1,b673e11f-eed5-42ac-a826-64d59942c066,0.90346116,,S8526798A
112,e75e79ab-1cfd-41af-a668-55f0deabfbd9,2023-01-15 13:52:33,1,b673e11f-eed5-42ac-a826-64d59942c066,0.93418,,S8526798A
113,4769d334-1fbc-4c01-bf86-980568d1fbb1,2023-01-15 13:52:55,1,b673e11f-eed5-42ac-a826-64d59942c066,0.9923417,,S8526798A
114,382bd997-09a7-45b8-ad9c-ca7a97dd84a0,2023-01-15 13:53:17,1,b673e11f-eed5-42ac-a826-64d59942c066,0.97744644,,S8526798A
115,4234f574-ef8c-4ab6-83b3-0d928a5ec90c,2023-01-15 15:51:49,1,b673e11f-eed5-42ac-a826-64d59942c066,0.94015247,,S8526798A
116,c2e344e6-8386-436d-867b-05bead586588,2023-01-15 15:52:11,1,b673e11f-eed5-42ac-a826-64d59942c066,0.9081068,,S8526798A
117,4667aced-8c61-4b83-8abb-6043d1fa1d73,2023-01-15 15:52:33,1,b673e11f-eed5-42ac-a826-64d59942c066,0.9036529,,S8526798A
118,593e52aa-7dcd-425c-9fcd-d2686dcc2be5,2023-01-15 15:52:55,1,b673e11f-eed5-42ac-a826-64d59942c066,0.9252809,,S8526798A
119,b5877238-df5c-44c2-8c61-ce79e42859c7,2023-01-15 15:53:17,1,b673e11f-eed5-42ac-a826-64d59942c066,0.951492,,S8526798A
120,d3a1f764-0917-4b55-aa83-e324de2a00f2,2023-01-16 13:51:49,1,b673e11f-eed5-42ac-a826-64d59942c066,0.9681609,,S8526798A
121,6bb6c287-939b-444d-9d37-933b93554301,2023-01-16 13:52:11,1,b673e11f-eed5-42ac-a826-64d59942c066,0.91051847,,S8526798A
122,305fbbd7-03df-4509-b2c9-847ea079ee56,2023-01-16 13:52:33,1,b673e11f-eed5-42ac-a826-64d59942c066,0.9166833,,S8526798A
123,4bfe1c72-fcab-443c-aafd-ee882254715a,2023-01-16 13:52:55,1,b673e11f-eed5-42ac-a826-64d59942c066,0.90333885,,S8526798A
124,4fcbf86f-29a5-418f-a9d3-346848660ca8,2023-01-16 13:53:17,1,b673e11f-eed5-42ac-a826-64d59942c066,0.9361322,,S8526798A
125,1ebd36c9-7fe0-49a7-966c-2bce091f2f7a,2023-01-16 15:51:49,1,b673e11f-eed5-42ac-a826-64d59942c066,0.9111413,,S8526798A
126,e0d44427-6b43-45cc-803e-bee61d7c8840,2023-01-16 15:52:11,1,b673e11f-eed5-42ac-a826-64d59942c066,0.960791,,S8526798A
127,a7a539c4-6d72-4a1d-a02e-d9028acf5865,2023-01-16 15:52:33,1,b673e11f-eed5-42ac-a826-64d59942c066,0.93925065,,S8526798A
128,f0202955-ae9c-4880-b5f6-eee55a7ff56e,2023-01-16 15:52:55,1,b673e11f-eed5-42ac-a826-64d59942c066,0.91614616,,S8526798A
129,30e332a7-cb8d-4e64-bb37-3df1d3d1b950,2023-01-16 15:53:17,1,b673e11f-eed5-42ac-a826-64d59942c066,0.93161494,,S8526798A
130,22f638d0-9639-4972-9980-7d21712674ca,2023-01-17 13:51:49,1,b673e11f-eed5-42ac-a826-64d59942c066,0.9745717,,S8526798A
131,f9168957-d96b-4bf1-9c49-883c124d53e0,2023-01-17 13:52:11,1,b673e11f-eed5-42ac-a826-64d59942c066,0.9908365,,S8526798A
132,d0cfd2b1-4d86-41b2-b860-a6aa61f3684b,2023-01-17 13:52:33,1,b673e11f-eed5-42ac-a826-64d59942c066,0.96237993,,S8526798A
133,a7fb40bb-da37-4478-bb4d-59bdbfe556dd,2023-01-17 13:52:55,1,b673e11f-eed5-42ac-a826-64d59942c066,0.987844,,S8526798A
134,1a168bd8-3994-48df-a3e4-88fac71ff040,2023-01-17 13:53:17,1,b673e11f-eed5-42ac-a826-64d59942c066,0.9200385,,S8526798A
135,02750ece-5ac8-41bd-bab9-cb9c47d76046,2023-01-17 15:51:49,1,b673e11f-eed5-42ac-a826-64d59942c066,0.90277904,,S8526798A
136,380958af-7efa-4b2f-ae86-8f8e34049aaa,2023-01-17 15:52:11,1,b673e11f-eed5-42ac-a826-64d59942c066,0.96424615,,S8526798A
137,17f65ee2-ccd3-45bb-9475-daf9bb0a1723,2023-01-17 15:52:33,1,b673e11f-eed5-42ac-a826-64d59942c066,0.9713275,,S8526798A
138,16c599f8-de93-42be-9468-bb765fc258eb,2023-01-17 15:52:55,1,b673e11f-eed5-42ac-a826-64d59942c066,0.98724663,,S8526798A
139,41bd46aa-07b4-4745-aa21-b22aad294db4,2023-01-17 15:53:17,1,b673e11f-eed5-42ac-a826-64d59942c066,0.9502085,,S8526798A
140,288f4858-3ae8-415f-b640-5ff98f5878e3,2023-01-18 13:51:49,1,b673e11f-eed5-42ac-a826-64d59942c066,0.9101295,,S8526798A
141,4538e7c5-c472-4271-a02e-71ae4bbca202,2023-01-18 13:52:11,1,b673e11f-eed5-42ac-a826-64d59942c066,0.99532735,,S8526798A
142,0cd6ada6-36bf-4cb7-9c50-bf024fcee67f,2023-01-18 13:52:33,1,b673e11f-eed5-42ac-a826-64d59942c066,0.92139137,,S8526798A
143,8cfac9aa-cb19-47be-a027-a3dd467fcf15,2023-01-18 13:52:55,1,b673e11f-eed5-42ac-a826-64d59942c066,0.93439966,,S8526798A
144,a39de776-4ce4-48fe-b07a-4093a77fbdca,2023-01-18 13:53:17,1,b673e11f-eed5-42ac-a826-64d59942c066,0.9947199,,S8526798A
145,ca86b319-7a42-46f1-9432-ca88afed5c71,2023-01-18 15:51:49,1,b673e11f-eed5-42ac-a826-64d59942c066,0.90497345,,S8526798A
146,2121e659-47f5-4bfb-a417-4506d33ee2d9,2023-01-18 15:52:11,1,b673e11f-eed5-42ac-a826-64d59942c066,0.9886224,,S8526798A
147,860fc7f0-8134-471d-905b-84ae22434f08,2023-01-18 15:52:33,1,b673e11f-eed5-42ac-a826-64d59942c066,0.9253913,,S8526798A
148,761051e4-10e1-427d-baa5-336d50bdb18b,2023-01-18 15:52:55,1,b673e11f-eed5-42ac-a826-64d59942c066,0.90953016,,S8526798A
149,201b1adf-c436-428c-b45f-f885f9d3ccdc,2023-01-18 15:53:17,1,b673e11f-eed5-42ac-a826-64d59942c066,0.9249177,,S8526798A
150,c0e25fcc-33b9-4973-b3fa-c8dbe7ec1278,2023-01-19 13:51:49,1,b673e11f-eed5-42ac-a826-64d59942c066,0.90760523,,S8526798A
151,d41415d2-1fdf-437e-a8f6-774d3b50749f,2023-01-19 13:52:11,1,b673e11f-eed5-42ac-a826-64d59942c066,0.9662456,,S8526798A
152,f11de60c-3f4f-48be-8aff-81fc96e59619,2023-01-19 13:52:33,1,b673e11f-eed5-42ac-a826-64d59942c066,0.9130444,,S8526798A
153,deb2dd96-a6ef-48b9-952f-d35a04a0ab9c,2023-01-19 13:52:55,1,b673e11f-eed5-42ac-a826-64d59942c066,0.9768254,,S8526798A
154,e1e9fe78-f754-4039-9cee-605c84d575f8,2023-01-19 13:53:17,1,b673e11f-eed5-42ac-a826-64d59942c066,0.9089711,,S8526798A
155,26c5105b-827d-4d93-9ab5-598c1d56ec07,2023-01-19 15:51:49,1,b673e11f-eed5-42ac-a826-64d59942c066,0.9695935,,S8526798A
156,e65b7ddd-e866-4e00-a809-278e50aa9f3b,2023-01-19 15:52:11,1,b673e11f-eed5-42ac-a826-64d59942c066,0.9720108,,S8526798A
157,636ee53f-2148-4e74-be53-1c23ef8f0904,2023-01-19 15:52:33,1,b673e11f-eed5-42ac-a826-64d59942c066,0.963088,,S8526798A
158,dd7b03a2-0020-4fba-9e5f-2962adef7a0d,2023-01-19 15:52:55,1,b673e11f-eed5-42ac-a826-64d59942c066,0.90122896,,S8526798A
159,1025e990-b5d3-40fb-990c-888cf3d00989,2023-01-19 15:53:17,1,b673e11f-eed5-42ac-a826-64d59942c066,0.98844016,,S8526798A
160,b2f88f9d-b3b4-4680-8eaf-66ee65dc95ca,2023-01-20 13:51:49,1,b673e11f-eed5-42ac-a826-64d59942c066,0.96874744,,S8526798A
161,8d89d6ad-57e8-4301-934c-bcfb1aef25e7,2023-01-20 13:52:11,1,b673e11f-eed5-42ac-a826-64d59942c066,0.9783475,,S8526798A
162,11ab6d35-b9f0-4c41-acb0-851ac2197d84,2023-01-20 13:52:33,1,b673e11f-eed5-42ac-a826-64d59942c066,0.9975657,,S8526798A
163,3b7d6c59-bac4-4dd2-9926-f570c5cccecd,2023-01-20 13:52:55,1,b673e11f-eed5-42ac-a826-64d59942c066,0.9622009,,S8526798A
164,bef01f15-96bb-470d-982e-f974798db4ae,2023-01-20 13:53:17,1,b673e11f-eed5-42ac-a826-64d59942c066,0.96584177,,S8526798A
165,794a4bb8-fe42-41f8-b631-57630591ce06,2023-01-20 15:51:49,1,b673e11f-eed5-42ac-a826-64d59942c066,0.9310709,,S8526798A
166,3cf995c4-43dd-4f9a-bb14-aee6b4ef81cd,2023-01-20 15:52:11,1,b673e11f-eed5-42ac-a826-64d59942c066,0.91944975,,S8526798A
167,00bec4e3-2ea8-44d5-982a-35096b0241a3,2023-01-20 15:52:33,1,b673e11f-eed5-42ac-a826-64d59942c066,0.96768045,,S8526798A
168,c1d13acb-9e93-4b0c-ad97-b7e6f715f49f,2023-01-20 15:52:55,1,b673e11f-eed5-42ac-a826-64d59942c066,0.9995904,,S8526798A
169,f7a74474-892b-41e4-a202-389f85a1cc0b,2023-01-20 15:53:17,1,b673e11f-eed5-42ac-a826-64d59942c066,0.9263832,,S8526798A
170,c8f728de-7e19-45a4-aeb3-c314c4a7ee8c,2023-01-21 13:51:49,1,b673e11f-eed5-42ac-a826-64d59942c066,0.943149,,S8526798A
171,2c763269-24cc-4333-aa82-c358b6d0bb7c,2023-01-21 13:52:11,1,b673e11f-eed5-42ac-a826-64d59942c066,0.9934533,,S8526798A
172,94109d93-6dd4-46bd-97f1-47bd80a2fff7,2023-01-21 13:52:33,1,b673e11f-eed5-42ac-a826-64d59942c066,0.98885095,,S8526798A
173,6a568131-1e2a-495d-9e79-13dd8b5f567b,2023-01-21 13:52:55,1,b673e11f-eed5-42ac-a826-64d59942c066,0.99396574,,S8526798A
174,b89fd8c6-1a28-475b-8228-03f54435e897,2023-01-21 13:53:17,1,b673e11f-eed5-42ac-a826-64d59942c066,0.9288491,,S8526798A
175,10e63ec6-efe8-48d8-b398-dd6bdc73eb7e,2023-01-21 15:51:49,1,b673e11f-eed5-42ac-a826-64d59942c066,0.9973812,,S8526798A
176,00dd5919-8172-4473-9a41-eb5e80183838,2023-01-21 15:52:11,1,b673e11f-eed5-42ac-a826-64d59942c066,0.94155043,,S8526798A
177,efcad57d-5dc7-45f5-9a44-03f39d8bdb80,2023-01-21 15:52:33,1,b673e11f-eed5-42ac-a826-64d59942c066,0.97764087,,S8526798A
178,de705aa8-eb39-489f-82ec-557231d2c90c,2023-01-21 15:52:55,1,b673e11f-eed5-42ac-a826-64d59942c066,0.9088432,,S8526798A
179,9712311c-31c8-4886-be9e-9c90b8072267,2023-01-21 15:53:17,1,b673e11f-eed5-42ac-a826-64d59942c066,0.9449306,,S8526798A
180,4a81114e-d540-4c9c-8443-907f0476e161,2023-01-22 13:51:49,1,b673e11f-eed5-42ac-a826-64d59942c066,0.9401411,,S8526798A
181,1f1c010e-078b-4153-b5c7-0af6c57dc0af,2023-01-22 13:52:11,1,b673e11f-eed5-42ac-a826-64d59942c066,0.9749439,,S8526798A
182,d855d37e-598a-4062-a69b-c6fb248b667d,2023-01-22 13:52:33,1,b673e11f-eed5-42ac-a826-64d59942c066,0.950823,,S8526798A
183,f4e6cc7f-5262-471d-8873-4140fd46d1be,2023-01-22 13:52:55,1,b673e11f-eed5-42ac-a826-64d59942c066,0.95256406,,S8526798A
184,c17a0609-66a0-47e3-b5fe-4ddc45de74e6,2023-01-22 13:53:17,1,b673e11f-eed5-42ac-a826-64d59942c066,0.959448,,S8526798A
185,96280e6c-3123-4a32-ad93-4c11060f8ef4,2023-01-22 15:51:49,1,b673e11f-eed5-42ac-a826-64d59942c066,0.93951017,,S8526798A
186,60d76908-311c-4ba7-aed6-ce728ddf496c,2023-01-22 15:52:11,1,b673e11f-eed5-42ac-a826-64d59942c066,0.9537735,,S8526798A
187,6c2a479c-2a30-4cb9-8a73-587b987fa519,2023-01-22 15:52:33,1,b673e11f-eed5-42ac-a826-64d59942c066,0.9554342,,S8526798A
188,5f47ac78-aee3-4fc7-ad07-4ee8b7c70073,2023-01-22 15:52:55,1,b673e11f-eed5-42ac-a826-64d59942c066,0.9331609,,S8526798A
189,2e0906f5-2f9b-404b-8025-4e1f20dad977,2023-01-22 15:53:17,1,b673e11f-eed5-42ac-a826-64d59942c066,0.97502553,,S8526798A
190,68c7afd6-b08b-4db0-935e-d8d9975df725,2023-01-23 13:51:49,1,b673e11f-eed5-42ac-a826-64d59942c066,0.9980608,,S8526798A
191,5f5a3780-8b80-45f0-a487-48e7af89e03c,2023-01-23 13:52:11,1,b673e11f-eed5-42ac-a826-64d59942c066,0.9344485,,S8526798A
192,216ee975-6d2b-4263-a630-bdd8b978919c,2023-01-23 13:52:33,1,b673e11f-eed5-42ac-a826-64d59942c066,0.9602328,,S8526798A
193,95c8b1c4-5d44-4ab6-b4fe-ac4306650b92,2023-01-23 13:52:55,1,b673e11f-eed5-42ac-a826-64d59942c066,0.9857128,,S8526798A
194,87eaadca-b6c9-4afa-b185-7463ca74f154,2023-01-23 13:53:17,1,b673e11f-eed5-42ac-a826-64d59942c066,0.9711197,,S8526798A
195,9e04e323-4e0b-4021-a500-aded4ab70fe8,2023-01-23 15:51:49,1,b673e11f-eed5-42ac-a826-64d59942c066,0.9775953,,S8526798A
196,ff6aad6d-cf08-4eb6-be89-0f2bf3be6b99,2023-01-23 15:52:11,1,b673e11f-eed5-42ac-a826-64d59942c066,0.9407362,,S8526798A
197,657c9832-09bb-4368-9729-e87c2ded6ced,2023-01-23 15:52:33,1,b673e11f-eed5-42ac-a826-64d59942c066,0.91713315,,S8526798A
198,0e6af455-5346-4112-a819-c548677477d2,2023-01-23 15:52:55,1,b673e11f-eed5-42ac-a826-64d59942c066,0.9316795,,S8526798A
199,0221d8c6-514b-42c1-9c7a-699b82d21ccb,2023-01-23 15:53:17,1,b673e11f-eed5-42ac-a826-64d59942c066,0.9095219,,S8526798A
200,79548c06-9511-4703-829f-b137f0d68db7,2023-01-14 13:51:49,1,10ba0a60-4502-4fbb-88c9-0082d560b257,0.9562588,,S9666877E
201,e6d8102d-486e-4cb4-9fd3-01fc861634eb,2023-01-14 13:52:11,1,10ba0a60-4502-4fbb-88c9-0082d560b257,0.98124784,,S9666877E
202,741762cc-cdff-4f00-8417-faa7a70e3b7f,2023-01-14 13:52:33,1,10ba0a60-4502-4fbb-88c9-0082d560b257,0.92384106,,S9666877E
203,77993a22-960e-4f27-8e01-1eb57a9f3e2d,2023-01-14 13:52:55,1,10ba0a60-4502-4fbb-88c9-0082d560b257,0.9192001,,S9666877E
204,6634429c-3482-4201-910f-b131fbe44f43,2023-01-14 13:53:17,1,10ba0a60-4502-4fbb-88c9-0082d560b257,0.9084806,,S9666877E
205,a8484564-0647-4b76-b610-c48c3ff54a9a,2023-01-14 15:51:49,1,10ba0a60-4502-4fbb-88c9-0082d560b257,0.9740768,,S9666877E
206,283884f9-d9bb-4d1c-933c-d51d62a681a5,2023-01-14 15:52:11,1,10ba0a60-4502-4fbb-88c9-0082d560b257,0.9203617,,S9666877E
207,6332d2e3-d7b4-4b2d-a5c5-fa6f02dd60ec,2023-01-14 15:52:33,1,10ba0a60-4502-4fbb-88c9-0082d560b257,0.91298884,,S9666877E
208,c5692f68-9067-41a0-bf35-1b5f6beced20,2023-01-14 15:52:55,1,10ba0a60-4502-4fbb-88c9-0082d560b257,0.92429066,,S9666877E
209,251eabab-efae-4621-b774-30cff86977b1,2023-01-14 15:53:17,1,10ba0a60-4502-4fbb-88c9-0082d560b257,0.97874725,,S9666877E
210,6d1de5d5-8419-48cb-b47f-bc4955625efd,2023-01-15 13:51:49,1,10ba0a60-4502-4fbb-88c9-0082d560b257,0.9950778,,S9666877E
211,a963dcf7-b784-4682-95b9-5f31ebe2ef1c,2023-01-15 13:52:11,1,10ba0a60-4502-4fbb-88c9-0082d560b257,0.98634833,,S9666877E
212,6a414f4e-fed0-493b-9963-b328aad6d22b,2023-01-15 13:52:33,1,10ba0a60-4502-4fbb-88c9-0082d560b257,0.9230712,,S9666877E
213,0ff88555-8daa-47aa-b32d-fce761d04000,2023-01-15 13:52:55,1,10ba0a60-4502-4fbb-88c9-0082d560b257,0.90193415,,S9666877E
214,83f2f9ff-0778-4661-996c-cd8cf912fc73,2023-01-15 13:53:17,1,10ba0a60-4502-4fbb-88c9-0082d560b257,0.9761842,,S9666877E
215,725c1533-d88f-41cd-8b52-8960365f0dab,2023-01-15 15:51:49,1,10ba0a60-4502-4fbb-88c9-0082d560b257,0.94686353,,S9666877E
216,f86c4a81-c7ec-477e-9ab1-7073e95afb84,2023-01-15 15:52:11,1,10ba0a60-4502-4fbb-88c9-0082d560b257,0.9371688,,S9666877E
217,12d67b6c-9b45-4efa-a903-d436d1fb9726,2023-01-15 15:52:33,1,10ba0a60-4502-4fbb-88c9-0082d560b257,0.9868866,,S9666877E
218,5922efc2-9c23-4f9b-9096-d142e9dadc45,2023-01-15 15:52:55,1,10ba0a60-4502-4fbb-88c9-0082d560b257,0.9860683,,S9666877E
219,ad4ea359-ca98-4478-8fe6-2a257585b963,2023-01-15 15:53:17,1,10ba0a60-4502-4fbb-88c9-0082d560b257,0.9006181,,S9666877E
220,ddc4e736-68bc-44e6-9fde-3ae6f9a5625f,2023-01-16 13:51:49,1,10ba0a60-4502-4fbb-88c9-0082d560b257,0.9037217,,S9666877E
221,1ead2b15-1876-4087-923f-e02f69877da6,2023-01-16 13:52:11,1,10ba0a60-4502-4fbb-88c9-0082d560b257,0.97182643,,S9666877E
222,345aae96-52be-4a65-bfca-49b4efa7333b,2023-01-16 13:52:33,1,10ba0a60-4502-4fbb-88c9-0082d560b257,0.9860201,,S9666877E
223,9d573a28-df0b-4ee6-aa4f-0ecc104adf51,2023-01-16 13:52:55,1,10ba0a60-4502-4fbb-88c9-0082d560b257,0.9523578,,S9666877E
224,ddcb8bf8-b784-4122-ad35-d2899a0814f8,2023-01-16 13:53:17,1,10ba0a60-4502-4fbb-88c9-0082d560b257,0.9838877,,S9666877E
225,3ae4090a-0d71-4d60-948a-35302dd9d192,2023-01-16 15:51:49,1,10ba0a60-4502-4fbb-88c9-0082d560b257,0.9514676,,S9666877E
226,4afba548-744a-468f-a14e-fd708052bfe0,2023-01-16 15:52:11,1,10ba0a60-4502-4fbb-88c9-0082d560b257,0.97673416,,S9666877E
227,89aaa02b-5263-4f5a-b080-94bbcd9b487e,2023-01-16 15:52:33,1,10ba0a60-4502-4fbb-88c9-0082d560b257,0.95279074,,S9666877E
228,ae62b035-bb2d-4b4a-aaf9-9814fe8d5465,2023-01-16 15:52:55,1,10ba0a60-4502-4fbb-88c9-0082d560b257,0.98338103,,S9666877E
229,cbd4b144-c454-4540-978e-a92b6c05769d,2023-01-16 15:53:17,1,10ba0a60-4502-4fbb-88c9-0082d560b257,0.9926303,,S9666877E
230,f15b7e84-e60f-41b4-80c1-eaef26d1e0d7,2023-01-17 13:51:49,1,10ba0a60-4502-4fbb-88c9-0082d560b257,0.91069627,,S9666877E
231,cbb07c81-1317-4d30-bce3-7f7e0a005414,2023-01-17 13:52:11,1,10ba0a60-4502-4fbb-88c9-0082d560b257,0.92724985,,S9666877E
232,693d8409-c3ae-470f-918c-cc471775fea5,2023-01-17 13:52:33,1,10ba0a60-4502-4fbb-88c9-0082d560b257,0.92476857,,S9666877E
233,35b940ca-6582-4e4d-b8cb-c877d5c7f845,2023-01-17 13:52:55,1,10ba0a60-4502-4fbb-88c9-0082d560b257,0.9770396,,S9666877E
234,2dfe81d7-d08a-4dda-9c07-be99bfc9cdf0,2023-01-17 13:53:17,1,10ba0a60-4502-4fbb-88c9-0082d560b257,0.9308738,,S9666877E
235,c01cec45-274c-4895-ab7d-d44444fe7e70,2023-01-17 15:51:49,1,10ba0a60-4502-4fbb-88c9-0082d560b257,0.9795685,,S9666877E
236,e4beeaba-c4bd-4d6a-b930-3824b5c3306f,2023-01-17 15:52:11,1,10ba0a60-4502-4fbb-88c9-0082d560b257,0.9223474,,S9666877E
237,afb09e2c-ce38-4a2f-9172-bd90e0e23087,2023-01-17 15:52:33,1,10ba0a60-4502-4fbb-88c9-0082d560b257,0.95007575,,S9666877E
238,b341f5f6-aace-4bc1-a38e-6354ad905364,2023-01-17 15:52:55,1,10ba0a60-4502-4fbb-88c9-0082d560b257,0.910461,,S9666877E
239,0bc0a2e7-10fa-43a4-a2a4-ab0d3ccbf725,2023-01-17 15:53:17,1,10ba0a60-4502-4fbb-88c9-0082d560b257,0.98956704,,S9666877E
240,4e34407c-4ad4-48be-8d7a-33a13f4d5bdb,2023-01-18 13:51:49,1,10ba0a60-4502-4fbb-88c9-0082d560b257,0.9036413,,S9666877E
241,e01b39be-3c5c-45ce-ba82-f291af1fd260,2023-01-18 13:52:11,1,10ba0a60-4502-4fbb-88c9-0082d560b257,0.94501084,,S9666877E
242,0d6d68a1-10fb-4ed8-ae49-3dcac4011df4,2023-01-18 13:52:33,1,10ba0a60-4502-4fbb-88c9-0082d560b257,0.9602549,,S9666877E
243,141eff3e-fc65-4255-8317-5cf63a123c30,2023-01-18 13:52:55,1,10ba0a60-4502-4fbb-88c9-0082d560b257,0.9954869,,S9666877E
244,434d4477-caf4-40aa-8304-87c95348d55d,2023-01-18 13:53:17,1,10ba0a60-4502-4fbb-88c9-0082d560b257,0.9044796,,S9666877E
245,940b70c7-fe5a-40ac-a492-dc90cf91713d,2023-01-18 15:51:49,1,10ba0a60-4502-4fbb-88c9-0082d560b257,0.99960613,,S9666877E
246,ec9b4ca3-fa54-454d-9edc-402ab6757a0e,2023-01-18 15:52:11,1,10ba0a60-4502-4fbb-88c9-0082d560b257,0.9937698,,S9666877E
247,3a5287be-546e-4d6c-9601-c58da725b380,2023-01-18 15:52:33,1,10ba0a60-4502-4fbb-88c9-0082d560b257,0.92348737,,S9666877E
248,db088033-b5bc-4f4e-85e6-3804e8f60c5d,2023-01-18 15:52:55,1,10ba0a60-4502-4fbb-88c9-0082d560b257,0.95666236,,S9666877E
249,727d81c4-7783-42a9-a06e-9cbb8c067b2c,2023-01-18 15:53:17,1,10ba0a60-4502-4fbb-88c9-0082d560b257,0.9010234,,S9666877E
250,7940acb9-bbee-4b43-af7e-c468c8dedcb3,2023-01-19 13:51:49,1,10ba0a60-4502-4fbb-88c9-0082d560b257,0.9436628,,S9666877E
251,cf2b3272-8c13-46c2-850a-cd1990c53833,2023-01-19 13:52:11,1,10ba0a60-4502-4fbb-88c9-0082d560b257,0.95868653,,S9666877E
252,e47aeed4-12a9-486c-ba27-416c08853c55,2023-01-19 13:52:33,1,10ba0a60-4502-4fbb-88c9-0082d560b257,0.9873645,,S9666877E
253,89c43d1a-e1ce-4aed-8b36-da20e87971a8,2023-01-19 13:52:55,1,10ba0a60-4502-4fbb-88c9-0082d560b257,0.90741843,,S9666877E
254,3b0a5944-6bae-48a1-88d3-6d77835a96b5,2023-01-19 13:53:17,1,10ba0a60-4502-4fbb-88c9-0082d560b257,0.98192805,,S9666877E
255,fb581e45-2abf-4b0a-9e35-976449bdfada,2023-01-19 15:51:49,1,10ba0a60-4502-4fbb-88c9-0082d560b257,0.99485457,,S9666877E
256,d25d6ce7-7bd9-46f6-83be-3e99b40430bd,2023-01-19 15:52:11,1,10ba0a60-4502-4fbb-88c9-0082d560b257,0.99288815,,S9666877E
257,b729231c-8599-40da-8cdb-32256474fe4f,2023-01-19 15:52:33,1,10ba0a60-4502-4fbb-88c9-0082d560b257,0.9413744,,S9666877E
258,c5255bc7-77f2-4f07-b23c-ac85f36d727c,2023-01-19 15:52:55,1,10ba0a60-4502-4fbb-88c9-0082d560b257,0.91160876,,S9666877E
259,4b2fb559-949d-48ea-bd87-8b57f2102c52,2023-01-19 15:53:17,1,10ba0a60-4502-4fbb-88c9-0082d560b257,0.9373349,,S9666877E
260,affa7e94-a51e-4b15-a611-f728ba7d29a9,2023-01-20 13:51:49,1,10ba0a60-4502-4fbb-88c9-0082d560b257,0.9223542,,S9666877E
261,24323739-c0a4-44e3-98d9-f303353d20fe,2023-01-20 13:52:11,1,10ba0a60-4502-4fbb-88c9-0082d560b257,0.9915818,,S9666877E
262,8b52e2e8-ea41-4235-90c8-cfa7a80ce485,2023-01-20 13:52:33,1,10ba0a60-4502-4fbb-88c9-0082d560b257,0.99603814,,S9666877E
263,d092c1da-5e81-4801-aa0e-2f82dac99d74,2023-01-20 13:52:55,1,10ba0a60-4502-4fbb-88c9-0082d560b257,0.9386812,,S9666877E
264,dbe63b0a-f853-4ee7-8320-9ce8dcf9faa8,2023-01-20 13:53:17,1,10ba0a60-4502-4fbb-88c9-0082d560b257,0.96729964,,S9666877E
265,ccc57cb8-dccf-4ce0-9b14-821c43bc07a2,2023-01-20 15:51:49,1,10ba0a60-4502-4fbb-88c9-0082d560b257,0.9640587,,S9666877E
266,9413c730-e9e7-4b1c-92f6-efbf10a7d614,2023-01-20 15:52:11,1,10ba0a60-4502-4fbb-88c9-0082d560b257,0.9731748,,S9666877E
267,0979d273-97db-4f98-a62f-bdc93a3dc31b,2023-01-20 15:52:33,1,10ba0a60-4502-4fbb-88c9-0082d560b257,0.9491954,,S9666877E
268,1356fa23-4ec4-4cb9-a248-8e7407ea1fec,2023-01-20 15:52:55,1,10ba0a60-4502-4fbb-88c9-0082d560b257,0.9287258,,S9666877E
269,d5ff8076-dc0e-4cd9-b322-5f3afe5b7154,2023-01-20 15:53:17,1,10ba0a60-4502-4fbb-88c9-0082d560b257,0.96072066,,S9666877E
270,8cb1fa6a-03e2-48c2-b307-458a03b8d0c6,2023-01-21 13:51:49,1,10ba0a60-4502-4fbb-88c9-0082d560b257,0.91717404,,S9666877E
271,b6bc39c0-97d2-4dda-b116-0059b3547e09,2023-01-21 13:52:11,1,10ba0a60-4502-4fbb-88c9-0082d560b257,0.9017669,,S9666877E
272,c6070439-d53a-46ce-a914-0b77fae67ea7,2023-01-21 13:52:33,1,10ba0a60-4502-4fbb-88c9-0082d560b257,0.919084,,S9666877E
273,0bdb9aa4-c9b6-4519-902e-2e40e62c66c4,2023-01-21 13:52:55,1,10ba0a60-4502-4fbb-88c9-0082d560b257,0.95855474,,S9666877E
274,1f8b9018-3c8b-4cff-a28f-9647a8900606,2023-01-21 13:53:17,1,10ba0a60-4502-4fbb-88c9-0082d560b257,0.9417897,,S9666877E
275,34857ea8-9108-460a-8ef7-a578597fc259,2023-01-21 15:51:49,1,10ba0a60-4502-4fbb-88c9-0082d560b257,0.9230303,,S9666877E
276,b8f0106e-54b5-4ac9-93da-3fcc09313e63,2023-01-21 15:52:11,1,10ba0a60-4502-4fbb-88c9-0082d560b257,0.98235726,,S9666877E
277,f70d10c0-d337-4d76-82a5-db7cec74fadf,2023-01-21 15:52:33,1,10ba0a60-4502-4fbb-88c9-0082d560b257,0.9919478,,S9666877E
278,53470851-7152-4e40-99ab-c6b4d38abbf4,2023-01-21 15:52:55,1,10ba0a60-4502-4fbb-88c9-0082d560b257,0.9522932,,S9666877E
279,ffcfc989-bbf0-4017-b174-6327eeda3968,2023-01-21 15:53:17,1,10ba0a60-4502-4fbb-88c9-0082d560b257,0.97643125,,S9666877E
280,ac23399c-53bf-48e7-b0a0-9dcc2fc409f2,2023-01-22 13:51:49,1,10ba0a60-4502-4fbb-88c9-0082d560b257,0.98379403,,S9666877E
281,11f805ec-a977-445b-b34b-d74981ffc859,2023-01-22 13:52:11,1,10ba0a60-4502-4fbb-88c9-0082d560b257,0.95797807,,S9666877E
282,4a0a584e-9ed6-4a3e-a9b6-7fad66475216,2023-01-22 13:52:33,1,10ba0a60-4502-4fbb-88c9-0082d560b257,0.9690293,,S9666877E
283,78495477-dbef-4a0e-b287-5437e50a1cda,2023-01-22 13:52:55,1,10ba0a60-4502-4fbb-88c9-0082d560b257,0.9670944,,S9666877E
284,231d2c15-0a9d-4a3f-adb9-21b2fe51984b,2023-01-22 13:53:17,1,10ba0a60-4502-4fbb-88c9-0082d560b257,0.9510722,,S9666877E
285,0d941464-9aaa-4542-b2c6-b2b03617a423,2023-01-22 15:51:49,1,10ba0a60-4502-4fbb-88c9-0082d560b257,0.9549443,,S9666877E
286,1cbda686-84cf-4744-8e82-6ff73484c159,2023-01-22 15:52:11,1,10ba0a60-4502-4fbb-88c9-0082d560b257,0.9327303,,S9666877E
287,3a9a9162-87fd-4082-a31f-5e8cdcdbf2df,2023-01-22 15:52:33,1,10ba0a60-4502-4fbb-88c9-0082d560b257,0.957876,,S9666877E
288,abaeb89c-791a-4356-a59c-730eca7af3e6,2023-01-22 15:52:55,1,10ba0a60-4502-4fbb-88c9-0082d560b257,0.97165793,,S9666877E
289,e75d3395-1d4b-4b12-9ab8-914b5bb52e65,2023-01-22 15:53:17,1,10ba0a60-4502-4fbb-88c9-0082d560b257,0.9568632,,S9666877E
290,0d6892cd-efa3-4ab9-b8aa-e4e05d5b806e,2023-01-23 13:51:49,1,10ba0a60-4502-4fbb-88c9-0082d560b257,0.984916,,S9666877E
291,5ddfca9c-6078-4bff-bc07-cc76bdb8f22c,2023-01-23 13:52:11,1,10ba0a60-4502-4fbb-88c9-0082d560b257,0.9836326,,S9666877E
292,ef447d96-f147-4290-b21a-ce362e87fb72,2023-01-23 13:52:33,1,10ba0a60-4502-4fbb-88c9-0082d560b257,0.94904804,,S9666877E
293,be23c9c1-386b-4155-8010-a8e3184687b9,2023-01-23 13:52:55,1,10ba0a60-4502-4fbb-88c9-0082d560b257,0.966552,,S9666877E
294,23e77fef-5c22-4626-b397-efa4531a3846,2023-01-23 13:53:17,1,10ba0a60-4502-4fbb-88c9-0082d560b257,0.9103801,,S9666877E
295,fb1a15f0-5592-4b27-8cdf-b2c51c65c55a,2023-01-23 15:51:49,1,10ba0a60-4502-4fbb-88c9-0082d560b257,0.9114778,,S9666877E
296,01015bad-f77f-4f8c-b435-a85eb0c45dad,2023-01-23 15:52:11,1,10ba0a60-4502-4fbb-88c9-0082d560b257,0.9783792,,S9666877E
297,fda38788-4c72-45a2-8842-b3e1fc6fd424,2023-01-23 15:52:33,1,10ba0a60-4502-4fbb-88c9-0082d560b257,0.94213814,,S9666877E
298,1f00fc24-7db1-4317-94b5-e179664b0b1f,2023-01-23 15:52:55,1,10ba0a60-4502-4fbb-88c9-0082d560b257,0.9560056,,S9666877E
299,2c9a6ce0-a026-4cc0-a299-2c1719ce6530,2023-01-23 15:53:17,1,10ba0a60-4502-4fbb-88c9-0082d560b257,0.912414,,S9666877E
300,1c4f7cf0-74bf-4f85-aa43-6099d763b451,2023-01-14 13:51:49,1,9cb8298f-f0dd-4fb1-bad8-b6a3339e7ed4,0.96465266,,S9997194J
301,c5e1d204-6c5d-4e77-8526-a476f0e6e915,2023-01-14 13:52:11,1,9cb8298f-f0dd-4fb1-bad8-b6a3339e7ed4,0.9950147,,S9997194J
302,bb963f86-8167-4253-bec4-db42fd6b26a6,2023-01-14 13:52:33,1,9cb8298f-f0dd-4fb1-bad8-b6a3339e7ed4,0.91830623,,S9997194J
303,76c1c5c9-f157-4546-8dae-af6ca6e630e5,2023-01-14 13:52:55,1,9cb8298f-f0dd-4fb1-bad8-b6a3339e7ed4,0.9109347,,S9997194J
304,201ce215-b581-4e6a-934e-d48354a0ec28,2023-01-14 13:53:17,1,9cb8298f-f0dd-4fb1-bad8-b6a3339e7ed4,0.90450484,,S9997194J
305,91ec76ba-a44b-422a-ac17-db8853ba077f,2023-01-14 15:51:49,1,9cb8298f-f0dd-4fb1-bad8-b6a3339e7ed4,0.9360687,,S9997194J
306,20c4c6e7-3d1c-4e81-ae6d-cd4357fbb37a,2023-01-14 15:52:11,1,9cb8298f-f0dd-4fb1-bad8-b6a3339e7ed4,0.901636,,S9997194J
307,24905c90-387d-4c22-aa14-2a191a46566b,2023-01-14 15:52:33,1,9cb8298f-f0dd-4fb1-bad8-b6a3339e7ed4,0.92629856,,S9997194J
308,b3d9ddac-e1bc-466a-bcee-66aafeabfefb,2023-01-14 15:52:55,1,9cb8298f-f0dd-4fb1-bad8-b6a3339e7ed4,0.90853846,,S9997194J
309,93c7990c-0e5f-475a-b51a-350a7a15ef05,2023-01-14 15:53:17,1,9cb8298f-f0dd-4fb1-bad8-b6a3339e7ed4,0.91811085,,S9997194J
310,f59f774f-4744-4cad-8f28-9d91a3f74df9,2023-01-15 13:51:49,1,9cb8298f-f0dd-4fb1-bad8-b6a3339e7ed4,0.9382414,,S9997194J
311,90f5656f-2233-4699-a0b1-076f2c5a34be,2023-01-15 13:52:11,1,9cb8298f-f0dd-4fb1-bad8-b6a3339e7ed4,0.90093553,,S9997194J
312,d9c01b2c-1025-45c1-8d84-05ad3d26c75d,2023-01-15 13:52:33,1,9cb8298f-f0dd-4fb1-bad8-b6a3339e7ed4,0.93389755,,S9997194J
313,7c6c15f9-51db-41b0-b18e-f21d7da5d5a3,2023-01-15 13:52:55,1,9cb8298f-f0dd-4fb1-bad8-b6a3339e7ed4,0.95141053,,S9997194J
314,0708c9f8-77c6-4b11-bc80-f1636c4ea10c,2023-01-15 13:53:17,1,9cb8298f-f0dd-4fb1-bad8-b6a3339e7ed4,0.97209775,,S9997194J
315,9ce0d34e-1d98-4b88-9359-ad72b251fa55,2023-01-15 15:51:49,1,9cb8298f-f0dd-4fb1-bad8-b6a3339e7ed4,0.91903174,,S9997194J
316,2d4a1dd7-5107-4b05-a88d-719243912c63,2023-01-15 15:52:11,1,9cb8298f-f0dd-4fb1-bad8-b6a3339e7ed4,0.9321918,,S9997194J
317,796b015a-7198-49f1-8691-19008d151c82,2023-01-15 15:52:33,1,9cb8298f-f0dd-4fb1-bad8-b6a3339e7ed4,0.9063983,,S9997194J
318,41ac0be6-2dd7-4b1a-a030-2c89aae36c12,2023-01-15 15:52:55,1,9cb8298f-f0dd-4fb1-bad8-b6a3339e7ed4,0.9070825,,S9997194J
319,c00392e9-4e47-4b5b-b243-0ef59fdf61d0,2023-01-15 15:53:17,1,9cb8298f-f0dd-4fb1-bad8-b6a3339e7ed4,0.9254163,,S9997194J
320,4ec59df4-9261-444f-adb9-4d8dc3a71089,2023-01-16 13:51:49,1,9cb8298f-f0dd-4fb1-bad8-b6a3339e7ed4,0.963572,,S9997194J
321,2b2858bc-496f-40ea-9089-f4cffe141095,2023-01-16 13:52:11,1,9cb8298f-f0dd-4fb1-bad8-b6a3339e7ed4,0.94143957,,S9997194J
322,2e912e5d-1a4f-4c74-a73b-cf910caa32d7,2023-01-16 13:52:33,1,9cb8298f-f0dd-4fb1-bad8-b6a3339e7ed4,0.91552246,,S9997194J
323,cdafbcc7-22a8-43e1-b2ae-377253a3920d,2023-01-16 13:52:55,1,9cb8298f-f0dd-4fb1-bad8-b6a3339e7ed4,0.90165305,,S9997194J
324,4af0a683-a454-4e6a-9a22-1442573ec790,2023-01-16 13:53:17,1,9cb8298f-f0dd-4fb1-bad8-b6a3339e7ed4,0.93647027,,S9997194J
325,22a4ce50-a057-4fdd-ba0d-21a0a67e4cfb,2023-01-16 15:51:49,1,9cb8298f-f0dd-4fb1-bad8-b6a3339e7ed4,0.9897625,,S9997194J
326,31bfd848-1a9f-4e52-ad8a-5840d1ff25af,2023-01-16 15:52:11,1,9cb8298f-f0dd-4fb1-bad8-b6a3339e7ed4,0.9972582,,S9997194J
327,c77af24d-3f62-4b3f-9b8a-2cb3c7db7700,2023-01-16 15:52:33,1,9cb8298f-f0dd-4fb1-bad8-b6a3339e7ed4,0.9666114,,S9997194J
328,48b40f33-265f-41a3-bec7-64dc2ae0273e,2023-01-16 15:52:55,1,9cb8298f-f0dd-4fb1-bad8-b6a3339e7ed4,0.970673,,S9997194J
329,54429084-e58a-43aa-9854-109ccb669df2,2023-01-16 15:53:17,1,9cb8298f-f0dd-4fb1-bad8-b6a3339e7ed4,0.913617,,S9997194J
330,787179d3-3845-4dec-a51f-626bd7bc7182,2023-01-17 13:51:49,1,9cb8298f-f0dd-4fb1-bad8-b6a3339e7ed4,0.93631196,,S9997194J
331,7a12c3c1-ac10-4f52-9710-eccea0b5da54,2023-01-17 13:52:11,1,9cb8298f-f0dd-4fb1-bad8-b6a3339e7ed4,0.98866105,,S9997194J
332,46521f5e-aacc-453e-ab2f-c4b1d57a4cc9,2023-01-17 13:52:33,1,9cb8298f-f0dd-4fb1-bad8-b6a3339e7ed4,0.9327386,,S9997194J
333,832b7296-4c93-40b5-962c-54cc8ff4bcfb,2023-01-17 13:52:55,1,9cb8298f-f0dd-4fb1-bad8-b6a3339e7ed4,0.96118057,,S9997194J
334,93e5ecc0-9ede-403f-b0d6-35208304615e,2023-01-17 13:53:17,1,9cb8298f-f0dd-4fb1-bad8-b6a3339e7ed4,0.92716986,,S9997194J
335,96862921-6ec1-4ee5-a6a6-e6df0b43f123,2023-01-17 15:51:49,1,9cb8298f-f0dd-4fb1-bad8-b6a3339e7ed4,0.97631,,S9997194J
336,9cfd4cc8-488c-48a4-8e0f-284dca831d45,2023-01-17 15:52:11,1,9cb8298f-f0dd-4fb1-bad8-b6a3339e7ed4,0.91632986,,S9997194J
337,b2ef767c-b88b-4258-9b30-13b3b46aa444,2023-01-17 15:52:33,1,9cb8298f-f0dd-4fb1-bad8-b6a3339e7ed4,0.92630374,,S9997194J
338,f92a664d-8008-415f-ba1a-3dcccf1373ac,2023-01-17 15:52:55,1,9cb8298f-f0dd-4fb1-bad8-b6a3339e7ed4,0.91943604,,S9997194J
339,43dbe79b-3111-4aa9-a3ba-e2a3f695aaa3,2023-01-17 15:53:17,1,9cb8298f-f0dd-4fb1-bad8-b6a3339e7ed4,0.91831744,,S9997194J
340,3739bd20-d2e4-414e-a9f8-d7448e469d9f,2023-01-18 13:51:49,1,9cb8298f-f0dd-4fb1-bad8-b6a3339e7ed4,0.99155897,,S9997194J
341,b9fc07ae-a03f-4a46-a46d-bced8f4aa1dc,2023-01-18 13:52:11,1,9cb8298f-f0dd-4fb1-bad8-b6a3339e7ed4,0.9022797,,S9997194J
342,6232dcf7-eeb0-4d18-99e5-053719a8060e,2023-01-18 13:52:33,1,9cb8298f-f0dd-4fb1-bad8-b6a3339e7ed4,0.9997117,,S9997194J
343,631db3d6-e283-49ad-b9a0-c11a24584f44,2023-01-18 13:52:55,1,9cb8298f-f0dd-4fb1-bad8-b6a3339e7ed4,0.92150366,,S9997194J
344,ebe55bbb-d474-4d97-8270-dfd7c787203d,2023-01-18 13:53:17,1,9cb8298f-f0dd-4fb1-bad8-b6a3339e7ed4,0.96379936,,S9997194J
345,3dd68eb5-1b4b-443a-9edf-28ace7b35cbc,2023-01-18 15:51:49,1,9cb8298f-f0dd-4fb1-bad8-b6a3339e7ed4,0.98881865,,S9997194J
346,c876ff0e-da7b-412f-8a0d-346b2503fb6a,2023-01-18 15:52:11,1,9cb8298f-f0dd-4fb1-bad8-b6a3339e7ed4,0.91716933,,S9997194J
347,180ec0a0-5c10-430e-b26c-127bc9d4ef43,2023-01-18 15:52:33,1,9cb8298f-f0dd-4fb1-bad8-b6a3339e7ed4,0.9832054,,S9997194J
348,497a9683-73ed-4c47-aaa3-c2b9afa92946,2023-01-18 15:52:55,1,9cb8298f-f0dd-4fb1-bad8-b6a3339e7ed4,0.9061908,,S9997194J
349,f4da932e-8a0c-45e1-a126-760caa5349eb,2023-01-18 15:53:17,1,9cb8298f-f0dd-4fb1-bad8-b6a3339e7ed4,0.9327842,,S9997194J
350,a00bc65a-1543-487d-8fcc-382a4f9ef237,2023-01-19 13:51:49,1,9cb8298f-f0dd-4fb1-bad8-b6a3339e7ed4,0.90716726,,S9997194J
351,23d8a69e-c9a9-4e25-b93c-ec5ffa977c3b,2023-01-19 13:52:11,1,9cb8298f-f0dd-4fb1-bad8-b6a3339e7ed4,0.98486817,,S9997194J
352,043a95a8-574f-4ce8-9bc1-0e1c3424b21d,2023-01-19 13:52:33,1,9cb8298f-f0dd-4fb1-bad8-b6a3339e7ed4,0.9634578,,S9997194J
353,a984adc1-5d77-4543-9183-bcc95320f5eb,2023-01-19 13:52:55,1,9cb8298f-f0dd-4fb1-bad8-b6a3339e7ed4,0.94139326,,S9997194J
354,1c263104-d02f-4a44-af04-debe83e1492e,2023-01-19 13:53:17,1,9cb8298f-f0dd-4fb1-bad8-b6a3339e7ed4,0.9654124,,S9997194J
355,4d18d18d-ce15-4ecd-983a-450b02d0fe3e,2023-01-19 15:51:49,1,9cb8298f-f0dd-4fb1-bad8-b6a3339e7ed4,0.92957455,,S9997194J
356,0e79acda-91f8-415a-affd-0c25e70fb78c,2023-01-19 15:52:11,1,9cb8298f-f0dd-4fb1-bad8-b6a3339e7ed4,0.9671655,,S9997194J
357,a1e34fb7-1bbe-4ea9-8fae-fc396d51bd44,2023-01-19 15:52:33,1,9cb8298f-f0dd-4fb1-bad8-b6a3339e7ed4,0.9277982,,S9997194J
358,8033f592-699c-4bf2-af96-738c6ba27a95,2023-01-19 15:52:55,1,9cb8298f-f0dd-4fb1-bad8-b6a3339e7ed4,0.9877781,,S9997194J
359,2556c625-86b8-4144-b102-3d5e4987198c,2023-01-19 15:53:17,1,9cb8298f-f0dd-4fb1-bad8-b6a3339e7ed4,0.9888776,,S9997194J
360,996f262d-b3eb-4270-bcd7-5e8890fc93a7,2023-01-20 13:51:49,1,9cb8298f-f0dd-4fb1-bad8-b6a3339e7ed4,0.90831125,,S9997194J
361,eabb22dd-9298-4ba1-964d-4fe6c7adc9fa,2023-01-20 13:52:11,1,9cb8298f-f0dd-4fb1-bad8-b6a3339e7ed4,0.9457459,,S9997194J
362,14c83792-f316-44ab-a699-72860a176ef5,2023-01-20 13:52:33,1,9cb8298f-f0dd-4fb1-bad8-b6a3339e7ed4,0.9917463,,S9997194J
363,bed56c97-7e42-4f7b-8558-a027a18c0772,2023-01-20 13:52:55,1,9cb8298f-f0dd-4fb1-bad8-b6a3339e7ed4,0.9300185,,S9997194J
364,1fb1a830-90bb-45f6-bc86-df3d58dccd95,2023-01-20 13:53:17,1,9cb8298f-f0dd-4fb1-bad8-b6a3339e7ed4,0.9479066,,S9997194J
365,d6275a8e-0b3a-4221-be08-b9dfbcdce10b,2023-01-20 15:51:49,1,9cb8298f-f0dd-4fb1-bad8-b6a3339e7ed4,0.9589724,,S9997194J
366,6e66c69b-6cab-49cc-bb4f-eeeeb4343835,2023-01-20 15:52:11,1,9cb8298f-f0dd-4fb1-bad8-b6a3339e7ed4,0.98761004,,S9997194J
367,96ea1505-5704-4704-b3a7-1c0a02795a2d,2023-01-20 15:52:33,1,9cb8298f-f0dd-4fb1-bad8-b6a3339e7ed4,0.9125046,,S9997194J
368,c565394c-1710-4318-9cbc-eba0fdf90a52,2023-01-20 15:52:55,1,9cb8298f-f0dd-4fb1-bad8-b6a3339e7ed4,0.99838835,,S9997194J
369,baf5e060-9c78-4ce6-8257-4eb1ee4d8aaa,2023-01-20 15:53:17,1,9cb8298f-f0dd-4fb1-bad8-b6a3339e7ed4,0.92964095,,S9997194J
370,b75f91f6-a13c-4ec3-bd5d-56b7eadba464,2023-01-21 13:51:49,1,9cb8298f-f0dd-4fb1-bad8-b6a3339e7ed4,0.91851205,,S9997194J
371,7152d242-4ce6-425b-8f2d-d6bb91dff7cd,2023-01-21 13:52:11,1,9cb8298f-f0dd-4fb1-bad8-b6a3339e7ed4,0.93646675,,S9997194J
372,54fbe5b3-e24d-4d3d-a65a-0b105f1dfb92,2023-01-21 13:52:33,1,9cb8298f-f0dd-4fb1-bad8-b6a3339e7ed4,0.9935746,,S9997194J
373,da0deefc-6881-445f-bf54-8aee1803c029,2023-01-21 13:52:55,1,9cb8298f-f0dd-4fb1-bad8-b6a3339e7ed4,0.9399849,,S9997194J
374,02b12183-0b35-4271-abd8-79101b17e32d,2023-01-21 13:53:17,1,9cb8298f-f0dd-4fb1-bad8-b6a3339e7ed4,0.9243095,,S9997194J
375,1504d3eb-5a4d-4e9f-9b16-169b577e6f3d,2023-01-21 15:51:49,1,9cb8298f-f0dd-4fb1-bad8-b6a3339e7ed4,0.9410146,,S9997194J
376,3b2b0690-59dc-4a0b-88aa-974526765b18,2023-01-21 15:52:11,1,9cb8298f-f0dd-4fb1-bad8-b6a3339e7ed4,0.9044823,,S9997194J
377,c8052134-0fce-40b6-81c5-f7da9cafc85b,2023-01-21 15:52:33,1,9cb8298f-f0dd-4fb1-bad8-b6a3339e7ed4,0.9599219,,S9997194J
378,3697f8f3-8274-40f7-9f25-53daea10e141,2023-01-21 15:52:55,1,9cb8298f-f0dd-4fb1-bad8-b6a3339e7ed4,0.96169007,,S9997194J
379,fcbf62eb-99ad-4faf-8f04-8c3587a8971a,2023-01-21 15:53:17,1,9cb8298f-f0dd-4fb1-bad8-b6a3339e7ed4,0.9302747,,S9997194J
380,8f9038a5-b609-402e-8aee-da1881e09683,2023-01-22 13:51:49,1,9cb8298f-f0dd-4fb1-bad8-b6a3339e7ed4,0.9596525,,S9997194J
381,bad48c0a-e2b0-4ff7-8647-e56fcebb75a8,2023-01-22 13:52:11,1,9cb8298f-f0dd-4fb1-bad8-b6a3339e7ed4,0.9636058,,S9997194J
382,168d533b-975c-4527-bbdf-8e5b4b42c420,2023-01-22 13:52:33,1,9cb8298f-f0dd-4fb1-bad8-b6a3339e7ed4,0.9036252,,S9997194J
383,2e05ad20-5c90-4ad7-ae54-1e8868c1f137,2023-01-22 13:52:55,1,9cb8298f-f0dd-4fb1-bad8-b6a3339e7ed4,0.9497322,,S9997194J
384,72d399e4-8cc2-48e0-b621-20cc73347ed0,2023-01-22 13:53:17,1,9cb8298f-f0dd-4fb1-bad8-b6a3339e7ed4,0.937503,,S9997194J
385,e0e0c195-1c78-4e7b-bdaa-0dd205091c72,2023-01-22 15:51:49,1,9cb8298f-f0dd-4fb1-bad8-b6a3339e7ed4,0.91823965,,S9997194J
386,10b353a4-2756-4abf-80a4-16e6d1314c88,2023-01-22 15:52:11,1,9cb8298f-f0dd-4fb1-bad8-b6a3339e7ed4,0.9436754,,S9997194J
387,32a3aa25-9257-4617-83c3-cf6597256045,2023-01-22 15:52:33,1,9cb8298f-f0dd-4fb1-bad8-b6a3339e7ed4,0.964457,,S9997194J
388,77fcc53b-956e-4d48-a5ab-164cadc6b023,2023-01-22 15:52:55,1,9cb8298f-f0dd-4fb1-bad8-b6a3339e7ed4,0.9999977,,S9997194J
389,a4ff4add-a78f-469f-94c1-0b1707f96b12,2023-01-22 15:53:17,1,9cb8298f-f0dd-4fb1-bad8-b6a3339e7ed4,0.9798775,,S9997194J
390,2d09cb37-bf73-4c4f-ba16-c256bb270569,2023-01-23 13:51:49,1,9cb8298f-f0dd-4fb1-bad8-b6a3339e7ed4,0.91020024,,S9997194J
391,fe8fd00d-2769-4062-ab24-ee3ae9ede95d,2023-01-23 13:52:11,1,9cb8298f-f0dd-4fb1-bad8-b6a3339e7ed4,0.9648229,,S9997194J
392,54dc7477-2f24-4577-abde-2a4e5aac9e95,2023-01-23 13:52:33,1,9cb8298f-f0dd-4fb1-bad8-b6a3339e7ed4,0.93936914,,S9997194J
393,4ba5117d-abe4-4798-bfb9-076114974256,2023-01-23 13:52:55,1,9cb8298f-f0dd-4fb1-bad8-b6a3339e7ed4,0.9536538,,S9997194J
394,039aca90-91fc-4e0f-b54a-f60cda7f6b09,2023-01-23 13:53:17,1,9cb8298f-f0dd-4fb1-bad8-b6a3339e7ed4,0.9605679,,S9997194J
395,cecb9b95-f4f5-43e9-8dc9-639a041d9ffa,2023-01-23 15:51:49,1,9cb8298f-f0dd-4fb1-bad8-b6a3339e7ed4,0.96404296,,S9997194J
396,d95d3896-24cb-4290-9880-01dbd37bc4f6,2023-01-23 15:52:11,1,9cb8298f-f0dd-4fb1-bad8-b6a3339e7ed4,0.9413519,,S9997194J
397,e165d45d-3d5b-43ae-9889-eb73c3056a13,2023-01-23 15:52:33,1,9cb8298f-f0dd-4fb1-bad8-b6a3339e7ed4,0.90149605,,S9997194J
398,a58a99e7-7710-436f-8ac1-f3c1ffefba17,2023-01-23 15:52:55,1,9cb8298f-f0dd-4fb1-bad8-b6a3339e7ed4,0.9117147,,S9997194J
399,6e2c64ed-9e4f-41b4-bb2a-14169c82fdc7,2023-01-23 15:53:17,1,9cb8298f-f0dd-4fb1-bad8-b6a3339e7ed4,0.9425267,,S9997194J
400,dd95884a-a667-4712-929d-38cb0e1d50d7,2023-01-14 13:51:49,1,c9b1ddb0-c4e2-4f3f-8bf8-08a9e711b27f,0.98340774,,S9700005B
401,471ed248-8765-4707-bb41-0fdfaf11c1ac,2023-01-14 13:52:11,1,c9b1ddb0-c4e2-4f3f-8bf8-08a9e711b27f,0.9130645,,S9700005B
402,9f72ce2f-daa1-4426-9318-4afdf0b5f41e,2023-01-14 13:52:33,1,c9b1ddb0-c4e2-4f3f-8bf8-08a9e711b27f,0.9994882,,S9700005B
403,97df150e-aa49-4dfe-85ee-b8853aa82cf5,2023-01-14 13:52:55,1,c9b1ddb0-c4e2-4f3f-8bf8-08a9e711b27f,0.9140013,,S9700005B
404,8b2d2dca-7e65-4ca8-a712-2adc3a1d0681,2023-01-14 13:53:17,1,c9b1ddb0-c4e2-4f3f-8bf8-08a9e711b27f,0.9726527,,S9700005B
405,33b6ef7f-a72d-4afd-b9cc-2dc354f378c9,2023-01-14 15:51:49,1,c9b1ddb0-c4e2-4f3f-8bf8-08a9e711b27f,0.9351045,,S9700005B
406,a2fd0696-1e9b-403e-ae66-7d2c8b76e4ff,2023-01-14 15:52:11,1,c9b1ddb0-c4e2-4f3f-8bf8-08a9e711b27f,0.95224,,S9700005B
407,6f28de31-8710-4b65-844e-6df18f2624fb,2023-01-14 15:52:33,1,c9b1ddb0-c4e2-4f3f-8bf8-08a9e711b27f,0.9596941,,S9700005B
408,0b5e20d6-6215-40c5-a13c-063f8ad2e630,2023-01-14 15:52:55,1,c9b1ddb0-c4e2-4f3f-8bf8-08a9e711b27f,0.92692286,,S9700005B
409,917dabb5-e01a-4eb4-a4f7-4452db3a6a6a,2023-01-14 15:53:17,1,c9b1ddb0-c4e2-4f3f-8bf8-08a9e711b27f,0.93148094,,S9700005B
410,2eb7ec43-2b12-4977-ab17-710585031f0e,2023-01-15 13:51:49,1,c9b1ddb0-c4e2-4f3f-8bf8-08a9e711b27f,0.96059877,,S9700005B
411,fb4da161-6b91-4b5f-baab-ecc9ad21ad15,2023-01-15 13:52:11,1,c9b1ddb0-c4e2-4f3f-8bf8-08a9e711b27f,0.9958483,,S9700005B
412,e80c46fb-01d8-4d10-8ed0-3e0794891418,2023-01-15 13:52:33,1,c9b1ddb0-c4e2-4f3f-8bf8-08a9e711b27f,0.95427996,,S9700005B
413,728d15ec-13e6-49ed-bc23-8eee010df213,2023-01-15 13:52:55,1,c9b1ddb0-c4e2-4f3f-8bf8-08a9e711b27f,0.96627176,,S9700005B
414,acc676f8-a106-4f33-be54-038af4b7bff5,2023-01-15 13:53:17,1,c9b1ddb0-c4e2-4f3f-8bf8-08a9e711b27f,0.9388239,,S9700005B
415,b8d04563-51de-4c6e-adbc-602021e43022,2023-01-15 15:51:49,1,c9b1ddb0-c4e2-4f3f-8bf8-08a9e711b27f,0.98577744,,S9700005B
416,a3cfeeb2-5886-4736-a12a-24af64d4ea3d,2023-01-15 15:52:11,1,c9b1ddb0-c4e2-4f3f-8bf8-08a9e711b27f,0.928237,,S9700005B
417,6f8f2d66-1253-419f-ae5e-33a4dbb161e4,2023-01-15 15:52:33,1,c9b1ddb0-c4e2-4f3f-8bf8-08a9e711b27f,0.99074435,,S9700005B
418,818b6305-f246-40d0-ad17-8745c12d07a1,2023-01-15 15:52:55,1,c9b1ddb0-c4e2-4f3f-8bf8-08a9e711b27f,0.9036793,,S9700005B
419,324299f5-4965-4e56-99b7-252827b66f9f,2023-01-15 15:53:17,1,c9b1ddb0-c4e2-4f3f-8bf8-08a9e711b27f,0.94133216,,S9700005B
420,90b3eb93-bb1d-4651-b59d-6e0ce32d945a,2023-01-16 13:51:49,1,c9b1ddb0-c4e2-4f3f-8bf8-08a9e711b27f,0.9153134,,S9700005B
421,23234e46-e72b-4b74-85c1-f1597ae30a45,2023-01-16 13:52:11,1,c9b1ddb0-c4e2-4f3f-8bf8-08a9e711b27f,0.91195405,,S9700005B
422,17441b34-6f8b-4649-b2c9-61ab2758703c,2023-01-16 13:52:33,1,c9b1ddb0-c4e2-4f3f-8bf8-08a9e711b27f,0.9704847,,S9700005B
423,0ca2b2c5-46de-4bae-9396-57f24a0902fb,2023-01-16 13:52:55,1,c9b1ddb0-c4e2-4f3f-8bf8-08a9e711b27f,0.9189109,,S9700005B
424,55ca743d-380f-448b-9cea-5088efb7770b,2023-01-16 13:53:17,1,c9b1ddb0-c4e2-4f3f-8bf8-08a9e711b27f,0.97694963,,S9700005B
425,26001ff2-2c07-4028-923f-9677e740bcea,2023-01-16 15:51:49,1,c9b1ddb0-c4e2-4f3f-8bf8-08a9e711b27f,0.9418916,,S9700005B
426,6f7a1778-2849-4c53-98c7-f9a0ba75d687,2023-01-16 15:52:11,1,c9b1ddb0-c4e2-4f3f-8bf8-08a9e711b27f,0.9209726,,S9700005B
427,a3d60c28-c25f-4608-8fe2-49ee6c43164c,2023-01-16 15:52:33,1,c9b1ddb0-c4e2-4f3f-8bf8-08a9e711b27f,0.98813796,,S9700005B
428,c9314b4f-6e3a-4e14-a3be-e895be7494bd,2023-01-16 15:52:55,1,c9b1ddb0-c4e2-4f3f-8bf8-08a9e711b27f,0.92372054,,S9700005B
429,39974721-1648-4dc5-b3aa-ab4d33ec99e1,2023-01-16 15:53:17,1,c9b1ddb0-c4e2-4f3f-8bf8-08a9e711b27f,0.9737122,,S9700005B
430,e1db5e15-11a1-40b3-a3d2-1540f6f8920a,2023-01-17 13:51:49,1,c9b1ddb0-c4e2-4f3f-8bf8-08a9e711b27f,0.954873,,S9700005B
431,a90e650b-4344-430d-a94b-3e9041e1492d,2023-01-17 13:52:11,1,c9b1ddb0-c4e2-4f3f-8bf8-08a9e711b27f,0.98929507,,S9700005B
432,9a372fbb-05da-46d8-9361-8f9cdc7e382c,2023-01-17 13:52:33,1,c9b1ddb0-c4e2-4f3f-8bf8-08a9e711b27f,0.978619,,S9700005B
433,032176a2-1925-423a-9f5b-25d351ca241f,2023-01-17 13:52:55,1,c9b1ddb0-c4e2-4f3f-8bf8-08a9e711b27f,0.96781635,,S9700005B
434,01805543-fa26-4489-bbd4-7423604c1bc5,2023-01-17 13:53:17,1,c9b1ddb0-c4e2-4f3f-8bf8-08a9e711b27f,0.99882627,,S9700005B
435,bdaa7155-41da-44e3-9d86-693bfe894280,2023-01-17 15:51:49,1,c9b1ddb0-c4e2-4f3f-8bf8-08a9e711b27f,0.90203625,,S9700005B
436,12584be0-00b0-4e76-bc2f-305bbd19b531,2023-01-17 15:52:11,1,c9b1ddb0-c4e2-4f3f-8bf8-08a9e711b27f,0.93223894,,S9700005B
437,e3dd0b85-7724-4a94-9ce2-2da5cb24bebc,2023-01-17 15:52:33,1,c9b1ddb0-c4e2-4f3f-8bf8-08a9e711b27f,0.90307754,,S9700005B
438,a9072f2f-8292-44e6-aeff-5dae9fe97416,2023-01-17 15:52:55,1,c9b1ddb0-c4e2-4f3f-8bf8-08a9e711b27f,0.9702726,,S9700005B
439,2b577d3b-ad60-4f78-afb8-394cba9e6287,2023-01-17 15:53:17,1,c9b1ddb0-c4e2-4f3f-8bf8-08a9e711b27f,0.9994361,,S9700005B
440,896754da-091e-4386-974f-ef27454b4f1a,2023-01-18 13:51:49,1,c9b1ddb0-c4e2-4f3f-8bf8-08a9e711b27f,0.9841725,,S9700005B
441,4db79615-585d-44cf-8761-25d08ea4719e,2023-01-18 13:52:11,1,c9b1ddb0-c4e2-4f3f-8bf8-08a9e711b27f,0.9455302,,S9700005B
442,98606e0c-8b0e-4527-bd9f-cc58c9c0b96f,2023-01-18 13:52:33,1,c9b1ddb0-c4e2-4f3f-8bf8-08a9e711b27f,0.98079723,,S9700005B
443,17022be4-a31b-4bdb-a267-48f06fcf6bbb,2023-01-18 13:52:55,1,c9b1ddb0-c4e2-4f3f-8bf8-08a9e711b27f,0.9642572,,S9700005B
444,c10772e6-aea7-4e47-a786-c869607cdcae,2023-01-18 13:53:17,1,c9b1ddb0-c4e2-4f3f-8bf8-08a9e711b27f,0.9024935,,S9700005B
445,8f957f5e-af6e-42ff-8396-f9f348591730,2023-01-18 15:51:49,1,c9b1ddb0-c4e2-4f3f-8bf8-08a9e711b27f,0.9633981,,S9700005B
446,159fde7d-8360-422b-9afa-05a7f5185aab,2023-01-18 15:52:11,1,c9b1ddb0-c4e2-4f3f-8bf8-08a9e711b27f,0.93546766,,S9700005B
447,72ef6898-993a-4271-b249-0c772a5ac8ab,2023-01-18 15:52:33,1,c9b1ddb0-c4e2-4f3f-8bf8-08a9e711b27f,0.9345141,,S9700005B
448,da62480e-1d55-48f2-b47a-34e154ba1101,2023-01-18 15:52:55,1,c9b1ddb0-c4e2-4f3f-8bf8-08a9e711b27f,0.9848004,,S9700005B
449,e47e7c78-23a3-44be-97e0-a16d8aae449a,2023-01-18 15:53:17,1,c9b1ddb0-c4e2-4f3f-8bf8-08a9e711b27f,0.9202183,,S9700005B
450,64d3ec26-0187-4b49-8426-52a95a8e05d4,2023-01-19 13:51:49,1,c9b1ddb0-c4e2-4f3f-8bf8-08a9e711b27f,0.92773056,,S9700005B
451,c4e7d0ec-25d2-4f78-89da-026954542294,2023-01-19 13:52:11,1,c9b1ddb0-c4e2-4f3f-8bf8-08a9e711b27f,0.9549362,,S9700005B
452,292c68ef-b72b-492b-af42-855749efcded,2023-01-19 13:52:33,1,c9b1ddb0-c4e2-4f3f-8bf8-08a9e711b27f,0.94389135,,S9700005B
453,0ef87e86-7bfc-4107-aa86-a8148e26ac80,2023-01-19 13:52:55,1,c9b1ddb0-c4e2-4f3f-8bf8-08a9e711b27f,0.95126474,,S9700005B
454,5ba327a5-3302-4ae1-aa74-e535f2ed86e8,2023-01-19 13:53:17,1,c9b1ddb0-c4e2-4f3f-8bf8-08a9e711b27f,0.935219,,S9700005B
455,8fc0d79a-0910-4642-bccf-8ab0d1a589be,2023-01-19 15:51:49,1,c9b1ddb0-c4e2-4f3f-8bf8-08a9e711b27f,0.98340434,,S9700005B
456,86cfadad-66e7-427b-8683-b00f09e5e658,2023-01-19 15:52:11,1,c9b1ddb0-c4e2-4f3f-8bf8-08a9e711b27f,0.92761326,,S9700005B
457,b054080f-b802-446e-ae49-143beac1fefc,2023-01-19 15:52:33,1,c9b1ddb0-c4e2-4f3f-8bf8-08a9e711b27f,0.94967395,,S9700005B
458,9e1a7101-f5d7-4c54-b58c-ef4e0d3180d2,2023-01-19 15:52:55,1,c9b1ddb0-c4e2-4f3f-8bf8-08a9e711b27f,0.99558276,,S9700005B
459,14b57f2f-5c70-419a-909e-083b24baaaa6,2023-01-19 15:53:17,1,c9b1ddb0-c4e2-4f3f-8bf8-08a9e711b27f,0.9043169,,S9700005B
460,0777c174-455f-4786-8eba-e07d3854cee5,2023-01-20 13:51:49,1,c9b1ddb0-c4e2-4f3f-8bf8-08a9e711b27f,0.9082413,,S9700005B
461,7fbd1b7e-20a8-4c3c-b517-f20a9b266908,2023-01-20 13:52:11,1,c9b1ddb0-c4e2-4f3f-8bf8-08a9e711b27f,0.96675265,,S9700005B
462,e764881e-6504-4213-85ba-bd040c80b623,2023-01-20 13:52:33,1,c9b1ddb0-c4e2-4f3f-8bf8-08a9e711b27f,0.9183046,,S9700005B
463,49b3b4d7-7206-429a-8c70-3334275b100e,2023-01-20 13:52:55,1,c9b1ddb0-c4e2-4f3f-8bf8-08a9e711b27f,0.9128503,,S9700005B
464,4a8fcf74-7f16-4772-b03c-77e52111d9e2,2023-01-20 13:53:17,1,c9b1ddb0-c4e2-4f3f-8bf8-08a9e711b27f,0.9930901,,S9700005B
465,92cd4eb9-3b8d-432c-89c2-1e0b46fac10e,2023-01-20 15:51:49,1,c9b1ddb0-c4e2-4f3f-8bf8-08a9e711b27f,0.949216,,S9700005B
466,129286a3-0295-46db-8a36-ba203a3c1926,2023-01-20 15:52:11,1,c9b1ddb0-c4e2-4f3f-8bf8-08a9e711b27f,0.98754674,,S9700005B
467,645d67ff-6165-45ca-bd2f-559ea5f9c1ef,2023-01-20 15:52:33,1,c9b1ddb0-c4e2-4f3f-8bf8-08a9e711b27f,0.9239925,,S9700005B
468,8be15f57-ae7d-41c3-9f1e-b9dd223302b5,2023-01-20 15:52:55,1,c9b1ddb0-c4e2-4f3f-8bf8-08a9e711b27f,0.9179103,,S9700005B
469,6afe27dc-8097-4276-a131-98a7b64039db,2023-01-20 15:53:17,1,c9b1ddb0-c4e2-4f3f-8bf8-08a9e711b27f,0.94210595,,S9700005B
470,990e150e-28e9-4db9-936f-b95bc40cf491,2023-01-21 13:51:49,1,c9b1ddb0-c4e2-4f3f-8bf8-08a9e711b27f,0.9745096,,S9700005B
471,41acd48f-fcef-4f86-bff0-38d6a8572509,2023-01-21 13:52:11,1,c9b1ddb0-c4e2-4f3f-8bf8-08a9e711b27f,0.9275973,,S9700005B
472,fb0e0495-a139-456c-b6db-5d8ffb008d71,2023-01-21 13:52:33,1,c9b1ddb0-c4e2-4f3f-8bf8-08a9e711b27f,0.90353775,,S9700005B
473,ddd40204-4f3a-4e32-8b1b-deb3a34b9f83,2023-01-21 13:52:55,1,c9b1ddb0-c4e2-4f3f-8bf8-08a9e711b27f,0.96765137,,S9700005B
474,9b3a3f60-a4a9-4111-b008-add838a33878,2023-01-21 13:53:17,1,c9b1ddb0-c4e2-4f3f-8bf8-08a9e711b27f,0.93183017,,S9700005B
475,16f34725-0c86-459b-a895-36922e5a2b8f,2023-01-21 15:51:49,1,c9b1ddb0-c4e2-4f3f-8bf8-08a9e711b27f,0.9881287,,S9700005B
476,799a0faf-efd1-4933-bf85-7e4558a554cd,2023-01-21 15:52:11,1,c9b1ddb0-c4e2-4f3f-8bf8-08a9e711b27f,0.9361381,,S9700005B
477,dc4738b6-9c1e-406a-a800-11204f2de6c8,2023-01-21 15:52:33,1,c9b1ddb0-c4e2-4f3f-8bf8-08a9e711b27f,0.91319793,,S9700005B
478,6daebe29-534d-4ccd-84d9-a41d2e7821e2,2023-01-21 15:52:55,1,c9b1ddb0-c4e2-4f3f-8bf8-08a9e711b27f,0.9368319,,S9700005B
479,9ce0e1c1-024a-4fb3-b3ab-47682f5651d9,2023-01-21 15:53:17,1,c9b1ddb0-c4e2-4f3f-8bf8-08a9e711b27f,0.95296484,,S9700005B
480,4c73c02f-df99-4de9-b297-a23f123c834c,2023-01-22 13:51:49,1,c9b1ddb0-c4e2-4f3f-8bf8-08a9e711b27f,0.9829396,,S9700005B
481,1599e0c8-6cd7-4757-acc9-49e9f0b7e1c2,2023-01-22 13:52:11,1,c9b1ddb0-c4e2-4f3f-8bf8-08a9e711b27f,0.9336283,,S9700005B
482,abddd15c-5e90-4d0e-8882-2e160bee1496,2023-01-22 13:52:33,1,c9b1ddb0-c4e2-4f3f-8bf8-08a9e711b27f,0.9640763,,S9700005B
483,b722fb80-0cda-43bd-94c7-2d2a8ebbefaf,2023-01-22 13:52:55,1,c9b1ddb0-c4e2-4f3f-8bf8-08a9e711b27f,0.9687049,,S9700005B
484,78270e01-7621-4356-a0f5-fd2930a3105f,2023-01-22 13:53:17,1,c9b1ddb0-c4e2-4f3f-8bf8-08a9e711b27f,0.92230934,,S9700005B
485,c807ba5b-5eb7-4a58-814c-f7776f6f300a,2023-01-22 15:51:49,1,c9b1ddb0-c4e2-4f3f-8bf8-08a9e711b27f,0.9222104,,S9700005B
486,492fc49a-85c6-48e4-a128-d48768f67eb0,2023-01-22 15:52:11,1,c9b1ddb0-c4e2-4f3f-8bf8-08a9e711b27f,0.9519402,,S9700005B
487,c10c28cf-8352-4244-8891-8f99136395c2,2023-01-22 15:52:33,1,c9b1ddb0-c4e2-4f3f-8bf8-08a9e711b27f,0.9006799,,S9700005B
488,156a9ddf-3e87-4c6a-b568-8b39ec659611,2023-01-22 15:52:55,1,c9b1ddb0-c4e2-4f3f-8bf8-08a9e711b27f,0.93761975,,S9700005B
489,e91d2ab1-e2fe-4672-a541-0445c8702963,2023-01-22 15:53:17,1,c9b1ddb0-c4e2-4f3f-8bf8-08a9e711b27f,0.9553627,,S9700005B
490,c083775e-a19d-44de-b94b-199d3c4c7424,2023-01-23 13:51:49,1,c9b1ddb0-c4e2-4f3f-8bf8-08a9e711b27f,0.91653645,,S9700005B
491,7c45aec6-b1dc-4875-9414-1d87675ebd4b,2023-01-23 13:52:11,1,c9b1ddb0-c4e2-4f3f-8bf8-08a9e711b27f,0.9443439,,S9700005B
492,55437fff-6b03-4de6-9120-6acace5533b2,2023-01-23 13:52:33,1,c9b1ddb0-c4e2-4f3f-8bf8-08a9e711b27f,0.97921556,,S9700005B
493,343a7022-7162-4ca0-a8b9-cd2385e25b9a,2023-01-23 13:52:55,1,c9b1ddb0-c4e2-4f3f-8bf8-08a9e711b27f,0.9210357,,S9700005B
494,766463f3-6252-445f-9ceb-b14e1424f6a6,2023-01-23 13:53:17,1,c9b1ddb0-c4e2-4f3f-8bf8-08a9e711b27f,0.936984,,S9700005B
495,440455e7-d526-4740-b365-2d2303d5e414,2023-01-23 15:51:49,1,c9b1ddb0-c4e2-4f3f-8bf8-08a9e711b27f,0.97077066,,S9700005B
496,1d175437-2eb7-41a7-b432-21980b0d5361,2023-01-23 15:52:11,1,c9b1ddb0-c4e2-4f3f-8bf8-08a9e711b27f,0.9402708,,S9700005B
497,b8b5b663-49ec-484c-bcae-80d876fad62a,2023-01-23 15:52:33,1,c9b1ddb0-c4e2-4f3f-8bf8-08a9e711b27f,0.9316057,,S9700005B
498,2539546c-ecb3-45c0-8f08-625185fa46d8,2023-01-23 15:52:55,1,c9b1ddb0-c4e2-4f3f-8bf8-08a9e711b27f,0.921136,,S9700005B
499,b81e0ea5-9037-462c-8ec5-b2b942d088f2,2023-01-23 15:53:17,1,c9b1ddb0-c4e2-4f3f-8bf8-08a9e711b27f,0.92871433,,S9700005B
500,865e1cdf-b3d2-4e4c-9eee-490dd93e7b62,2023-01-14 13:51:49,1,a55fc69a-3ae7-4c1d-afa1-debbc530d28d,0.95735186,,S0400005C
501,daf9000d-c8f8-4219-ad07-ba7476165517,2023-01-14 13:52:11,1,a55fc69a-3ae7-4c1d-afa1-debbc530d28d,0.9706,,S0400005C
502,46613a4d-dfd2-495d-92f3-fcb8faba2c4c,2023-01-14 13:52:33,1,a55fc69a-3ae7-4c1d-afa1-debbc530d28d,0.9008565,,S0400005C
503,70dd708a-cd40-4a34-ae27-7ab63ed9211f,2023-01-14 13:52:55,1,a55fc69a-3ae7-4c1d-afa1-debbc530d28d,0.9113014,,S0400005C
504,b5c8ff0b-1fe6-4d80-aba1-002b8bb94c31,2023-01-14 13:53:17,1,a55fc69a-3ae7-4c1d-afa1-debbc530d28d,0.93449867,,S0400005C
505,76dcafb9-d651-4dc5-8168-a34598998ad6,2023-01-14 15:51:49,1,a55fc69a-3ae7-4c1d-afa1-debbc530d28d,0.9710865,,S0400005C
506,234d36a1-474d-4c09-9ba9-3f0a40638bff,2023-01-14 15:52:11,1,a55fc69a-3ae7-4c1d-afa1-debbc530d28d,0.989876,,S0400005C
507,4d6db8d8-b07c-49e4-8e6e-00ddd3e5c189,2023-01-14 15:52:33,1,a55fc69a-3ae7-4c1d-afa1-debbc530d28d,0.9698113,,S0400005C
508,198b9015-e398-45a5-80a3-4b5766622437,2023-01-14 15:52:55,1,a55fc69a-3ae7-4c1d-afa1-debbc530d28d,0.9912709,,S0400005C
509,7f30546e-c6da-4462-b111-98d1d8bb2532,2023-01-14 15:53:17,1,a55fc69a-3ae7-4c1d-afa1-debbc530d28d,0.9576465,,S0400005C
510,e0957f71-88c3-44da-89ec-3614b52de483,2023-01-15 13:51:49,1,a55fc69a-3ae7-4c1d-afa1-debbc530d28d,0.90849125,,S0400005C
511,f59dfbe0-225a-4fd9-9c3b-d2ae2220f2a0,2023-01-15 13:52:11,1,a55fc69a-3ae7-4c1d-afa1-debbc530d28d,0.93514615,,S0400005C
512,c57b555b-bdb6-483b-808d-14806deb6e13,2023-01-15 13:52:33,1,a55fc69a-3ae7-4c1d-afa1-debbc530d28d,0.9882351,,S0400005C
513,414e6657-2cce-4fac-b055-5eabbb5b2167,2023-01-15 13:52:55,1,a55fc69a-3ae7-4c1d-afa1-debbc530d28d,0.94862586,,S0400005C
514,ccde0f77-8e9d-4df2-8a8f-1db9fec0dd23,2023-01-15 13:53:17,1,a55fc69a-3ae7-4c1d-afa1-debbc530d28d,0.99648595,,S0400005C
515,11405cc7-20d1-4e82-91fb-957225e025a6,2023-01-15 15:51:49,1,a55fc69a-3ae7-4c1d-afa1-debbc530d28d,0.9236304,,S0400005C
516,8c9f98c2-6e38-4de3-b4fd-bc444534433f,2023-01-15 15:52:11,1,a55fc69a-3ae7-4c1d-afa1-debbc530d28d,0.9358702,,S0400005C
517,ddce5ce4-2e51-400c-b9ff-aa0c2210bbe0,2023-01-15 15:52:33,1,a55fc69a-3ae7-4c1d-afa1-debbc530d28d,0.92115045,,S0400005C
518,9c6eb31a-3528-40bc-9334-22b5d12f584c,2023-01-15 15:52:55,1,a55fc69a-3ae7-4c1d-afa1-debbc530d28d,0.94904214,,S0400005C
519,c6b37cef-abcc-4f5a-b6fc-a829095c1de5,2023-01-15 15:53:17,1,a55fc69a-3ae7-4c1d-afa1-debbc530d28d,0.98031354,,S0400005C
520,c47e3130-f327-4a14-b02c-5ec207331140,2023-01-16 13:51:49,1,a55fc69a-3ae7-4c1d-afa1-debbc530d28d,0.93488765,,S0400005C
521,a0e3b215-b424-4e70-9f7f-363f66ffb952,2023-01-16 13:52:11,1,a55fc69a-3ae7-4c1d-afa1-debbc530d28d,0.93710864,,S0400005C
522,c6afd55d-82e6-4ee9-835c-7ef5f68f36aa,2023-01-16 13:52:33,1,a55fc69a-3ae7-4c1d-afa1-debbc530d28d,0.99232465,,S0400005C
523,2e305f60-4d37-4789-867e-3391c4b15b7b,2023-01-16 13:52:55,1,a55fc69a-3ae7-4c1d-afa1-debbc530d28d,0.93788755,,S0400005C
524,7af50128-6d79-4ce5-9230-e02631bdf387,2023-01-16 13:53:17,1,a55fc69a-3ae7-4c1d-afa1-debbc530d28d,0.9875039,,S0400005C
525,3a655712-bdea-4c0d-9753-228230b10bf9,2023-01-16 15:51:49,1,a55fc69a-3ae7-4c1d-afa1-debbc530d28d,0.92358816,,S0400005C
526,557a267c-1aea-4e10-b55d-f954b6080571,2023-01-16 15:52:11,1,a55fc69a-3ae7-4c1d-afa1-debbc530d28d,0.99351513,,S0400005C
527,90886c87-e07a-4917-b568-5ae4f25139be,2023-01-16 15:52:33,1,a55fc69a-3ae7-4c1d-afa1-debbc530d28d,0.9419463,,S0400005C
528,71199317-749f-4ce5-ba81-9c7c78b09833,2023-01-16 15:52:55,1,a55fc69a-3ae7-4c1d-afa1-debbc530d28d,0.9013905,,S0400005C
529,d77c4ce0-a606-478f-9518-097ab365cbc0,2023-01-16 15:53:17,1,a55fc69a-3ae7-4c1d-afa1-debbc530d28d,0.9256151,,S0400005C
530,21f20107-9ec3-4963-b031-192c3dbc06bc,2023-01-17 13:51:49,1,a55fc69a-3ae7-4c1d-afa1-debbc530d28d,0.9966846,,S0400005C
531,bfa5c16e-034d-4a0f-b29b-da80f788a10b,2023-01-17 13:52:11,1,a55fc69a-3ae7-4c1d-afa1-debbc530d28d,0.99713165,,S0400005C
532,c0226145-c025-4440-8a46-d822d347bcb3,2023-01-17 13:52:33,1,a55fc69a-3ae7-4c1d-afa1-debbc530d28d,0.9257747,,S0400005C
533,cacbac5a-1390-436a-8bbe-b0fe6b39ce2c,2023-01-17 13:52:55,1,a55fc69a-3ae7-4c1d-afa1-debbc530d28d,0.90515625,,S0400005C
534,0046a7c8-c2e8-4a9d-abeb-9161dfdceeb8,2023-01-17 13:53:17,1,a55fc69a-3ae7-4c1d-afa1-debbc530d28d,0.95326126,,S0400005C
535,a4b13336-2479-48b0-9df6-ccc64abb2e4c,2023-01-17 15:51:49,1,a55fc69a-3ae7-4c1d-afa1-debbc530d28d,0.905756,,S0400005C
536,a5824b1d-2654-4bdd-9dc6-869c1bc7fc02,2023-01-17 15:52:11,1,a55fc69a-3ae7-4c1d-afa1-debbc530d28d,0.91849273,,S0400005C
537,ab05ed6a-adbe-45a3-ac71-cfccbf1f77ea,2023-01-17 15:52:33,1,a55fc69a-3ae7-4c1d-afa1-debbc530d28d,0.9671773,,S0400005C
538,b0913373-0486-49b1-87dd-e6a4cb413b47,2023-01-17 15:52:55,1,a55fc69a-3ae7-4c1d-afa1-debbc530d28d,0.99737436,,S0400005C
539,a1542f54-bcb6-4b17-9066-1bd41f1f31d9,2023-01-17 15:53:17,1,a55fc69a-3ae7-4c1d-afa1-debbc530d28d,0.98865646,,S0400005C
540,123cbeed-e354-45e8-88e1-16a2ccb02f62,2023-01-18 13:51:49,1,a55fc69a-3ae7-4c1d-afa1-debbc530d28d,0.993982,,S0400005C
541,598c7029-f24b-45e9-b000-c77da8bd24d2,2023-01-18 13:52:11,1,a55fc69a-3ae7-4c1d-afa1-debbc530d28d,0.9748705,,S0400005C
542,7536c0ea-6a0b-4c7b-a7b1-67a7efd08671,2023-01-18 13:52:33,1,a55fc69a-3ae7-4c1d-afa1-debbc530d28d,0.97910243,,S0400005C
543,4f6a2086-bedc-4b3f-b433-05af0a371334,2023-01-18 13:52:55,1,a55fc69a-3ae7-4c1d-afa1-debbc530d28d,0.9657402,,S0400005C
544,2eece844-71e5-4731-8e4c-663b388fd039,2023-01-18 13:53:17,1,a55fc69a-3ae7-4c1d-afa1-debbc530d28d,0.9961484,,S0400005C
545,44fa1cbf-b6b7-4810-868d-3b2c67930def,2023-01-18 15:51:49,1,a55fc69a-3ae7-4c1d-afa1-debbc530d28d,0.95923245,,S0400005C
546,0bc88a1d-46c1-42a1-bc83-50388a7648a2,2023-01-18 15:52:11,1,a55fc69a-3ae7-4c1d-afa1-debbc530d28d,0.9031818,,S0400005C
547,aa1d3103-7ef5-4cb1-9614-23b5a8c591d4,2023-01-18 15:52:33,1,a55fc69a-3ae7-4c1d-afa1-debbc530d28d,0.93843377,,S0400005C
548,f995f41d-dd07-4964-a074-d5b4d577ac24,2023-01-18 15:52:55,1,a55fc69a-3ae7-4c1d-afa1-debbc530d28d,0.9759686,,S0400005C
549,7916f474-06c0-4548-8d6d-2f3eb82ae940,2023-01-18 15:53:17,1,a55fc69a-3ae7-4c1d-afa1-debbc530d28d,0.90204734,,S0400005C
550,9f356b59-a886-4221-bb96-97aaa70f7714,2023-01-19 13:51:49,1,a55fc69a-3ae7-4c1d-afa1-debbc530d28d,0.9049916,,S0400005C
551,b876f8fb-3468-4734-8cbe-4823067c6ffd,2023-01-19 13:52:11,1,a55fc69a-3ae7-4c1d-afa1-debbc530d28d,0.96926963,,S0400005C
552,54604bdb-f824-4f3b-bee1-a30c9ba5669a,2023-01-19 13:52:33,1,a55fc69a-3ae7-4c1d-afa1-debbc530d28d,0.962101,,S0400005C
553,27a82001-a147-4004-835f-2a38d89649b2,2023-01-19 13:52:55,1,a55fc69a-3ae7-4c1d-afa1-debbc530d28d,0.9830653,,S0400005C
554,49b26c2d-aed6-477c-a69c-558e004eba5c,2023-01-19 13:53:17,1,a55fc69a-3ae7-4c1d-afa1-debbc530d28d,0.9945593,,S0400005C
555,bea567b6-00c3-445f-bd74-83b5a57a9b11,2023-01-19 15:51:49,1,a55fc69a-3ae7-4c1d-afa1-debbc530d28d,0.93592453,,S0400005C
556,b17eb1b7-8cd5-416a-a5c9-06a84dc3e6d1,2023-01-19 15:52:11,1,a55fc69a-3ae7-4c1d-afa1-debbc530d28d,0.9110292,,S0400005C
557,b793f170-bc44-4835-b67a-64df04fb33e6,2023-01-19 15:52:33,1,a55fc69a-3ae7-4c1d-afa1-debbc530d28d,0.9870289,,S0400005C
558,636b86cb-cc71-41e3-9e08-acadac814b28,2023-01-19 15:52:55,1,a55fc69a-3ae7-4c1d-afa1-debbc530d28d,0.9183926,,S0400005C
559,ac110cad-d12f-41ed-b17f-6db714de10fc,2023-01-19 15:53:17,1,a55fc69a-3ae7-4c1d-afa1-debbc530d28d,0.9438885,,S0400005C
560,d277f6a9-3d44-4195-98a9-c6a205aa1819,2023-01-20 13:51:49,1,a55fc69a-3ae7-4c1d-afa1-debbc530d28d,0.91736895,,S0400005C
561,11d78b11-b778-4abc-9fe0-e7ec3418a82a,2023-01-20 13:52:11,1,a55fc69a-3ae7-4c1d-afa1-debbc530d28d,0.9902786,,S0400005C
562,e5592dcb-fcf5-420b-abe1-3f55a19e70e3,2023-01-20 13:52:33,1,a55fc69a-3ae7-4c1d-afa1-debbc530d28d,0.96002704,,S0400005C
563,d315c789-c18a-4b0c-a1f1-5cb0dd1cc4ee,2023-01-20 13:52:55,1,a55fc69a-3ae7-4c1d-afa1-debbc530d28d,0.9427823,,S0400005C
564,d7ddab08-f292-4299-ad53-2ade2275baa5,2023-01-20 13:53:17,1,a55fc69a-3ae7-4c1d-afa1-debbc530d28d,0.93226415,,S0400005C
565,2b3c141b-93fa-47a3-9b57-470a8fb20465,2023-01-20 15:51:49,1,a55fc69a-3ae7-4c1d-afa1-debbc530d28d,0.9241227,,S0400005C
566,5e995ac1-af84-4e2a-bfbd-e32e23d4fe79,2023-01-20 15:52:11,1,a55fc69a-3ae7-4c1d-afa1-debbc530d28d,0.9561127,,S0400005C
567,d81350e1-6696-4acf-ba04-c46c8017027c,2023-01-20 15:52:33,1,a55fc69a-3ae7-4c1d-afa1-debbc530d28d,0.9812825,,S0400005C
568,ef1654a2-75df-48d8-8523-04a8e33af5d1,2023-01-20 15:52:55,1,a55fc69a-3ae7-4c1d-afa1-debbc530d28d,0.91379976,,S0400005C
569,75200ffb-2701-41a6-9b86-be2326bf3c16,2023-01-20 15:53:17,1,a55fc69a-3ae7-4c1d-afa1-debbc530d28d,0.9369728,,S0400005C
570,70fe24f4-52c7-49db-b785-d9d29f0d79da,2023-01-21 13:51:49,1,a55fc69a-3ae7-4c1d-afa1-debbc530d28d,0.9290191,,S0400005C
571,c41d8d79-3801-4f4b-ae6a-048d6fd79a92,2023-01-21 13:52:11,1,a55fc69a-3ae7-4c1d-afa1-debbc530d28d,0.9570865,,S0400005C
572,709f5485-0447-428a-b56a-e8707a533454,2023-01-21 13:52:33,1,a55fc69a-3ae7-4c1d-afa1-debbc530d28d,0.98303384,,S0400005C
573,799af63e-7174-4348-ab62-3b93089f2730,2023-01-21 13:52:55,1,a55fc69a-3ae7-4c1d-afa1-debbc530d28d,0.950072,,S0400005C
574,031e9f27-2738-469c-8cae-1c226e676f5f,2023-01-21 13:53:17,1,a55fc69a-3ae7-4c1d-afa1-debbc530d28d,0.98157406,,S0400005C
575,0b64a6f3-27cb-45f1-ae43-9f2d3045c16c,2023-01-21 15:51:49,1,a55fc69a-3ae7-4c1d-afa1-debbc530d28d,0.96298075,,S0400005C
576,dea6181b-8145-4a46-ba40-ea63af9a048d,2023-01-21 15:52:11,1,a55fc69a-3ae7-4c1d-afa1-debbc530d28d,0.9787977,,S0400005C
577,ae8044fe-79dd-409a-beab-682c2c1491c3,2023-01-21 15:52:33,1,a55fc69a-3ae7-4c1d-afa1-debbc530d28d,0.9766023,,S0400005C
578,496b8f69-8c25-4f05-82a7-99929c3c4b07,2023-01-21 15:52:55,1,a55fc69a-3ae7-4c1d-afa1-debbc530d28d,0.9412002,,S0400005C
579,46b2066b-9037-4bb4-af27-b5111bc215be,2023-01-21 15:53:17,1,a55fc69a-3ae7-4c1d-afa1-debbc530d28d,0.9413722,,S0400005C
580,cb6be08e-75a3-4107-9de5-af3e88728321,2023-01-22 13:51:49,1,a55fc69a-3ae7-4c1d-afa1-debbc530d28d,0.9408694,,S0400005C
581,8202c094-1b09-42bb-8695-8c08f708863b,2023-01-22 13:52:11,1,a55fc69a-3ae7-4c1d-afa1-debbc530d28d,0.92881703,,S0400005C
582,8966a307-910c-4cfe-a8bb-1163249592b7,2023-01-22 13:52:33,1,a55fc69a-3ae7-4c1d-afa1-debbc530d28d,0.95929974,,S0400005C
583,9e69e7ac-0833-4067-8f03-f7938973e550,2023-01-22 13:52:55,1,a55fc69a-3ae7-4c1d-afa1-debbc530d28d,0.9817511,,S0400005C
584,ec0a940f-a4bc-45e3-acd8-a5878f77caf3,2023-01-22 13:53:17,1,a55fc69a-3ae7-4c1d-afa1-debbc530d28d,0.93670666,,S0400005C
585,81178514-abf3-4315-8be4-47274770bb71,2023-01-22 15:51:49,1,a55fc69a-3ae7-4c1d-afa1-debbc530d28d,0.9119143,,S0400005C
586,b270541b-6e9e-4cad-bbba-cdcba399b395,2023-01-22 15:52:11,1,a55fc69a-3ae7-4c1d-afa1-debbc530d28d,0.934786,,S0400005C
587,7642e68d-3b52-4aa4-b2f7-e3ffabef33a5,2023-01-22 15:52:33,1,a55fc69a-3ae7-4c1d-afa1-debbc530d28d,0.9268917,,S0400005C
588,d22e9ed7-23de-41e6-a598-b1423630dd63,2023-01-22 15:52:55,1,a55fc69a-3ae7-4c1d-afa1-debbc530d28d,0.99157166,,S0400005C
589,c245ee75-d9e2-4f4d-a2ae-000976fe7c04,2023-01-22 15:53:17,1,a55fc69a-3ae7-4c1d-afa1-debbc530d28d,0.9409651,,S0400005C
590,a0fbf6bb-4eb0-47c0-b77e-e42a90b1efed,2023-01-23 13:51:49,1,a55fc69a-3ae7-4c1d-afa1-debbc530d28d,0.9332211,,S0400005C
591,b7f075f1-cd88-4237-8be8-bd5014e88d08,2023-01-23 13:52:11,1,a55fc69a-3ae7-4c1d-afa1-debbc530d28d,0.97445667,,S0400005C
592,7098c861-105c-4182-a076-f69b8b455eab,2023-01-23 13:52:33,1,a55fc69a-3ae7-4c1d-afa1-debbc530d28d,0.90287936,,S0400005C
593,0dac401a-22be-480a-aee3-d50955bec543,2023-01-23 13:52:55,1,a55fc69a-3ae7-4c1d-afa1-debbc530d28d,0.94029725,,S0400005C
594,a2b7f2e5-6bfb-4318-80f7-058746ea04f4,2023-01-23 13:53:17,1,a55fc69a-3ae7-4c1d-afa1-debbc530d28d,0.9247335,,S0400005C
595,b765c49c-556d-4340-b762-8b1733da4a18,2023-01-23 15:51:49,1,a55fc69a-3ae7-4c1d-afa1-debbc530d28d,0.93087137,,S0400005C
596,e228d375-aa8d-4fa7-b6f6-199fecda4082,2023-01-23 15:52:11,1,a55fc69a-3ae7-4c1d-afa1-debbc530d28d,0.9186817,,S0400005C
597,9d430252-05fb-4cb7-a69e-4b591e830ebc,2023-01-23 15:52:33,1,a55fc69a-3ae7-4c1d-afa1-debbc530d28d,0.92738825,,S0400005C
598,67ab9179-ff7f-4518-a9c2-903a96118367,2023-01-23 15:52:55,1,a55fc69a-3ae7-4c1d-afa1-debbc530d28d,0.94646317,,S0400005C
599,e56e1f67-8f23-488f-9ba1-e0b602784d48,2023-01-23 15:53:17,1,a55fc69a-3ae7-4c1d-afa1-debbc530d28d,0.9374045,,S0400005C
