id,event_id,event_type,event_dt,va_provider_id,va_engine_id,va_type,device_id,gender,gender_cfd,ethnicity,ethnicity_cfd,lower_age_range,lower_age_range_cfd,upper_age_range,upper_age_range_cfd,age_class,age_class_cfd,height,height_cfd,headwear_type,headwear_type_cfd,hair_style,hair_style_cfd,hair_colour,hair_colour_cfd,hair_length,hair_length_cfd,eyewear_type,eyewear_type_cfd,eyewear_colour,eyewear_colour_cfd,mask_type,mask_type_cfd,mask_colour,mask_colour_cfd,facial_hair_type,facial_hair_type_cfd,facial_hair_colour,facial_hair_colour_cfd,facial_hair_length,facial_hair_length_cfd,skin_colour,skin_colour_cfd,topwear_type,topwear_type_cfd,topwear_pattern,topwear_pattern_cfd,topwear_colour,topwear_colour_cfd,sleeve_colour,sleeve_colour_cfd,sleeve_length,sleeve_length_cfd,outerwear_type,outerwear_type_cfd,outerwear_pattern,outerwear_pattern_cfd,outerwear_colour,outerwear_colour_cfd,outerwear_length,outerwear_length_cfd,necktie_type,necktie_type_cfd,necktie_pattern,necktie_pattern_cfd,necktie_colour,necktie_colour_cfd,bottomwear_type,bottomwear_type_cfd,bottomwear_pattern,bottomwear_pattern_cfd,bottomwear_colour,bottomwear_colour_cfd,bottomwear_length,bottomwear_length_cfd,footwear_type,footwear_type_cfd,footwear_pattern,footwear_pattern_cfd,footwear_colour,footwear_colour_cfd,bag_type,bag_type_cfd,bag_colour,bag_colour_cfd,uniform,uniform_cfd,full_image_url,cropped_image_url,bbox_x1,bbox_y1,bbox_x2,bbox_y2,vap_object_id
0,34160fdf-dff4-4b64-9971-cd41a8817d26,PERSON_ATTRIBUTE,2023-01-11 14:54:25,1,1,PAOD,6a60ee81-b37e-17cd-f4b4-504b02340c1a,MALE,0.9012594,chinese,0.9782626,18,0.91544175,40,0.96458656,ST_ADULT,0.90401524,0,0,,0,,0,BLACK,0.94770503,ST_SHORT,0.9103134,,0,,0,,0,,0,,0,,0,,0,,0,T_SHIRT,0.90649676,ST_JOINT,0.9041982,WHITE,0.93927824,,0,SHORT_SLEEVE,0.9836091,,0,,0,,0,,0,,0,,0,,0,TROUSERS,0.90544856,ST_PURE,0.9065276,GRAY,0.9712531,,0,WALKING_SHOES,0.97911423,,0,YELLOW,0.9547083,BACKPACK,0.9386722,BLACK,0.9866038,,0,/2023/1/11/1/full/34160fdf-dff4-4b64-9971-cd41a8817d26,/2023/1/11/1/cropped/34160fdf-dff4-4b64-9971-cd41a8817d26,886,276,1093,739,
1,ce06caec-cc5d-485c-aa47-99d3800177c7,PERSON_ATTRIBUTE,2023-01-11 14:54:47,1,1,PAOD,b7dbfb7b-b9ed-25d8-514c-609102714be7,MALE,0.9489537,chinese,0.9376627,18,0.92797965,40,0.9721544,ST_ADULT,0.9038111,0,0,,0,,0,BLACK,0.9665835,ST_SHORT,0.92683345,,0,,0,,0,,0,,0,,0,,0,,0,T_SHIRT,0.99799454,ST_JOINT,0.93107194,WHITE,0.92557496,,0,SHORT_SLEEVE,0.908555,,0,,0,,0,,0,,0,,0,,0,TROUSERS,0.9204281,ST_PURE,0.94971776,GRAY,0.939316,,0,WALKING_SHOES,0.9797792,,0,YELLOW,0.9587552,BACKPACK,0.9404167,BLACK,0.9177091,,0,/2023/1/11/1/full/ce06caec-cc5d-485c-aa47-99d3800177c7,/2023/1/11/1/cropped/ce06caec-cc5d-485c-aa47-99d3800177c7,886,276,1093,739,
2,19c92998-72f8-4256-b68e-44185c6a7175,PERSON_ATTRIBUTE,2023-01-11 14:55:09,1,1,PAOD,377bd605-a84d-b693-2507-b25bd76d5c81,MALE,0.9413386,chinese,0.91391903,18,0.9028,40,0.93923557,ST_ADULT,0.9674045,0,0,,0,,0,BLACK,0.98127955,ST_SHORT,0.91529864,,0,,0,,0,,0,,0,,0,,0,,0,T_SHIRT,0.9879828,ST_JOINT,0.9507017,WHITE,0.90424365,,0,SHORT_SLEEVE,0.9980739,,0,,0,,0,,0,,0,,0,,0,TROUSERS,0.90253913,ST_PURE,0.94183606,GRAY,0.9158108,,0,WALKING_SHOES,0.9292488,,0,YELLOW,0.92659694,BACKPACK,0.9306741,BLACK,0.9679764,,0,/2023/1/11/1/full/19c92998-72f8-4256-b68e-44185c6a7175,/2023/1/11/1/cropped/19c92998-72f8-4256-b68e-44185c6a7175,886,276,1093,739,
3,5e5a61a5-6d56-4ee7-9e01-d9ec1c195a4c,PERSON_ATTRIBUTE,2023-01-11 14:55:31,1,1,PAOD,9c8b3807-8bfb-1b74-9074-d68996d12b38,MALE,0.9157001,chinese,0.9624691,18,0.971644,40,0.9424429,ST_ADULT,0.95324755,0,0,,0,,0,BLACK,0.91134644,ST_SHORT,0.9574584,,0,,0,,0,,0,,0,,0,,0,,0,T_SHIRT,0.9755287,ST_JOINT,0.93623954,WHITE,0.9242821,,0,SHORT_SLEEVE,0.9236377,,0,,0,,0,,0,,0,,0,,0,TROUSERS,0.9483088,ST_PURE,0.9315601,GRAY,0.99537647,,0,WALKING_SHOES,0.91771406,,0,YELLOW,0.9110891,BACKPACK,0.9674323,BLACK,0.9611407,,0,/2023/1/11/1/full/5e5a61a5-6d56-4ee7-9e01-d9ec1c195a4c,/2023/1/11/1/cropped/5e5a61a5-6d56-4ee7-9e01-d9ec1c195a4c,886,276,1093,739,
4,073f788a-88c4-445e-b3e7-b19014c863c3,PERSON_ATTRIBUTE,2023-01-11 14:55:53,1,1,PAOD,ccd09d46-690f-df54-aa94-66f2caa1372a,MALE,0.9966611,chinese,0.9012708,18,0.9825356,40,0.9305379,ST_ADULT,0.9524771,0,0,,0,,0,BLACK,0.95269144,ST_SHORT,0.91913027,,0,,0,,0,,0,,0,,0,,0,,0,T_SHIRT,0.9376954,ST_JOINT,0.93396914,WHITE,0.9035843,,0,SHORT_SLEEVE,0.93386954,,0,,0,,0,,0,,0,,0,,0,TROUSERS,0.9165186,ST_PURE,0.9927834,GRAY,0.96032405,,0,WALKING_SHOES,0.9752078,,0,YELLOW,0.9540746,BACKPACK,0.95105135,BLACK,0.932177,,0,/2023/1/11/1/full/073f788a-88c4-445e-b3e7-b19014c863c3,/2023/1/11/1/cropped/073f788a-88c4-445e-b3e7-b19014c863c3,886,276,1093,739,
5,cfb202f8-1af4-4131-b7ff-c7fbdf451433,PERSON_ATTRIBUTE,2023-01-11 16:54:25,1,1,PAOD,ccd09d46-690f-df54-aa94-66f2caa1372a,MALE,0.95178306,chinese,0.9544399,18,0.97466886,40,0.9781927,ST_ADULT,0.9366436,0,0,,0,,0,BLACK,0.94763076,ST_SHORT,0.9421432,,0,,0,,0,,0,,0,,0,,0,,0,T_SHIRT,0.94214296,ST_JOINT,0.9476987,WHITE,0.93571645,,0,SHORT_SLEEVE,0.9707098,,0,,0,,0,,0,,0,,0,,0,TROUSERS,0.9393154,ST_PURE,0.9775093,GRAY,0.982082,,0,WALKING_SHOES,0.92001873,,0,YELLOW,0.9382396,BACKPACK,0.99328214,BLACK,0.9079757,,0,/2023/1/11/1/full/cfb202f8-1af4-4131-b7ff-c7fbdf451433,/2023/1/11/1/cropped/cfb202f8-1af4-4131-b7ff-c7fbdf451433,886,276,1093,739,
6,ce4971a1-f6fe-4192-ad18-3ec91a0f7ae3,PERSON_ATTRIBUTE,2023-01-11 16:54:47,1,1,PAOD,9c8b3807-8bfb-1b74-9074-d68996d12b38,MALE,0.9492282,chinese,0.983791,18,0.91747975,40,0.9236673,ST_ADULT,0.9828976,0,0,,0,,0,BLACK,0.93584895,ST_SHORT,0.9008715,,0,,0,,0,,0,,0,,0,,0,,0,T_SHIRT,0.91989774,ST_JOINT,0.9659447,WHITE,0.93752235,,0,SHORT_SLEEVE,0.9945081,,0,,0,,0,,0,,0,,0,,0,TROUSERS,0.9781394,ST_PURE,0.92761517,GRAY,0.90147513,,0,WALKING_SHOES,0.93082285,,0,YELLOW,0.9676314,BACKPACK,0.99518406,BLACK,0.97492456,,0,/2023/1/11/1/full/ce4971a1-f6fe-4192-ad18-3ec91a0f7ae3,/2023/1/11/1/cropped/ce4971a1-f6fe-4192-ad18-3ec91a0f7ae3,886,276,1093,739,
7,0757fe6c-4982-4f98-bf82-5424340db996,PERSON_ATTRIBUTE,2023-01-11 16:55:09,1,1,PAOD,377bd605-a84d-b693-2507-b25bd76d5c81,MALE,0.9768222,chinese,0.92946994,18,0.9102093,40,0.95695585,ST_ADULT,0.95592237,0,0,,0,,0,BLACK,0.9150898,ST_SHORT,0.9819566,,0,,0,,0,,0,,0,,0,,0,,0,T_SHIRT,0.9574394,ST_JOINT,0.9234866,WHITE,0.9462334,,0,SHORT_SLEEVE,0.9054063,,0,,0,,0,,0,,0,,0,,0,TROUSERS,0.95733786,ST_PURE,0.9370169,GRAY,0.9034357,,0,WALKING_SHOES,0.97960246,,0,YELLOW,0.9005431,BACKPACK,0.98583037,BLACK,0.94816965,,0,/2023/1/11/1/full/0757fe6c-4982-4f98-bf82-5424340db996,/2023/1/11/1/cropped/0757fe6c-4982-4f98-bf82-5424340db996,886,276,1093,739,
8,51f2b91a-952b-48ff-8304-731ef5bcb4bd,PERSON_ATTRIBUTE,2023-01-11 16:55:31,1,1,PAOD,b7dbfb7b-b9ed-25d8-514c-609102714be7,MALE,0.92704463,chinese,0.94830215,18,0.9862106,40,0.9019946,ST_ADULT,0.9003145,0,0,,0,,0,BLACK,0.90215164,ST_SHORT,0.9560641,,0,,0,,0,,0,,0,,0,,0,,0,T_SHIRT,0.92193204,ST_JOINT,0.98987466,WHITE,0.9851368,,0,SHORT_SLEEVE,0.9952711,,0,,0,,0,,0,,0,,0,,0,TROUSERS,0.98401445,ST_PURE,0.9594471,GRAY,0.92614365,,0,WALKING_SHOES,0.9296321,,0,YELLOW,0.9166093,BACKPACK,0.90590763,BLACK,0.97908497,,0,/2023/1/11/1/full/51f2b91a-952b-48ff-8304-731ef5bcb4bd,/2023/1/11/1/cropped/51f2b91a-952b-48ff-8304-731ef5bcb4bd,886,276,1093,739,
9,63a094cd-e044-4392-8a31-777b6551f8db,PERSON_ATTRIBUTE,2023-01-11 16:55:53,1,1,PAOD,6a60ee81-b37e-17cd-f4b4-504b02340c1a,MALE,0.9494424,chinese,0.90768445,18,0.9176182,40,0.94199395,ST_ADULT,0.9658015,0,0,,0,,0,BLACK,0.98102844,ST_SHORT,0.93912256,,0,,0,,0,,0,,0,,0,,0,,0,T_SHIRT,0.9356772,ST_JOINT,0.95096576,WHITE,0.9344503,,0,SHORT_SLEEVE,0.9058754,,0,,0,,0,,0,,0,,0,,0,TROUSERS,0.9503916,ST_PURE,0.9706706,GRAY,0.9647236,,0,WALKING_SHOES,0.96891135,,0,YELLOW,0.92347586,BACKPACK,0.9657998,BLACK,0.99797666,,0,/2023/1/11/1/full/63a094cd-e044-4392-8a31-777b6551f8db,/2023/1/11/1/cropped/63a094cd-e044-4392-8a31-777b6551f8db,886,276,1093,739,
10,2a13c30c-9ef0-4577-a876-86e891a6ce21,PERSON_ATTRIBUTE,2023-01-11 14:54:25,1,1,PAOD,6a60ee81-b37e-17cd-f4b4-504b02340c1a,MALE,0.92146003,chinese,0.93711823,20,0.91291124,50,0.94475996,ST_OLD,0.9484173,0,0,,0,,0,BLACK,0.97810686,ST_SHORT,0.94410825,,0,,0,,0,,0,,0,,0,,0,,0,T_SHIRT,0.96284986,ST_JOINT,0.9130508,WHITE,0.9388573,,0,SHORT_SLEEVE,0.9962698,,0,,0,,0,,0,,0,,0,,0,TROUSERS,0.9196463,ST_PURE,0.9937108,BLACK,0.9763854,,0,WALKING_SHOES,0.9697413,,0,YELLOW,0.9527107,BACKPACK,0.94047654,BLACK,0.9368826,,0,/2023/1/11/1/full/2a13c30c-9ef0-4577-a876-86e891a6ce21,/2023/1/11/1/cropped/2a13c30c-9ef0-4577-a876-86e891a6ce21,886,276,1093,739,
11,8931680b-baaa-4f25-a599-2cd294ec98b9,PERSON_ATTRIBUTE,2023-01-11 14:54:47,1,1,PAOD,b7dbfb7b-b9ed-25d8-514c-609102714be7,MALE,0.9314354,chinese,0.94361484,20,0.9796314,50,0.9524451,ST_OLD,0.9735395,0,0,,0,,0,BLACK,0.98891914,ST_SHORT,0.9675134,,0,,0,,0,,0,,0,,0,,0,,0,T_SHIRT,0.9077467,ST_JOINT,0.9559039,WHITE,0.99959856,,0,SHORT_SLEEVE,0.9288155,,0,,0,,0,,0,,0,,0,,0,TROUSERS,0.933362,ST_PURE,0.95623296,BLACK,0.9057582,,0,WALKING_SHOES,0.9480395,,0,YELLOW,0.9942621,BACKPACK,0.95005023,BLACK,0.90547365,,0,/2023/1/11/1/full/8931680b-baaa-4f25-a599-2cd294ec98b9,/2023/1/11/1/cropped/8931680b-baaa-4f25-a599-2cd294ec98b9,886,276,1093,739,
12,be487b0d-63c2-4e98-9aba-54bcfcb0d3b2,PERSON_ATTRIBUTE,2023-01-11 14:55:09,1,1,PAOD,377bd605-a84d-b693-2507-b25bd76d5c81,MALE,0.9120837,chinese,0.97874516,20,0.9344168,50,0.92150223,ST_OLD,0.9302742,0,0,,0,,0,BLACK,0.9464325,ST_SHORT,0.98734903,,0,,0,,0,,0,,0,,0,,0,,0,T_SHIRT,0.9847174,ST_JOINT,0.95569324,WHITE,0.9335348,,0,SHORT_SLEEVE,0.9914671,,0,,0,,0,,0,,0,,0,,0,TROUSERS,0.9856119,ST_PURE,0.982161,BLACK,0.9655607,,0,WALKING_SHOES,0.9841131,,0,YELLOW,0.95968753,BACKPACK,0.98054475,BLACK,0.9600083,,0,/2023/1/11/1/full/be487b0d-63c2-4e98-9aba-54bcfcb0d3b2,/2023/1/11/1/cropped/be487b0d-63c2-4e98-9aba-54bcfcb0d3b2,886,276,1093,739,
13,f4aa9e23-676f-48c0-967c-7bc28294eb65,PERSON_ATTRIBUTE,2023-01-11 14:55:31,1,1,PAOD,9c8b3807-8bfb-1b74-9074-d68996d12b38,MALE,0.90294164,chinese,0.92548364,20,0.9071486,50,0.91294885,ST_OLD,0.9015173,0,0,,0,,0,BLACK,0.9448096,ST_SHORT,0.9965586,,0,,0,,0,,0,,0,,0,,0,,0,T_SHIRT,0.9104758,ST_JOINT,0.95374644,WHITE,0.9789786,,0,SHORT_SLEEVE,0.9219851,,0,,0,,0,,0,,0,,0,,0,TROUSERS,0.9144665,ST_PURE,0.9534593,BLACK,0.94826496,,0,WALKING_SHOES,0.96623564,,0,YELLOW,0.97585344,BACKPACK,0.9640121,BLACK,0.96625346,,0,/2023/1/11/1/full/f4aa9e23-676f-48c0-967c-7bc28294eb65,/2023/1/11/1/cropped/f4aa9e23-676f-48c0-967c-7bc28294eb65,886,276,1093,739,
14,64b55678-ceee-4d7e-b367-04680160d230,PERSON_ATTRIBUTE,2023-01-11 14:55:53,1,1,PAOD,ccd09d46-690f-df54-aa94-66f2caa1372a,MALE,0.96689075,chinese,0.9807938,20,0.99260545,50,0.97611475,ST_OLD,0.9383202,0,0,,0,,0,BLACK,0.900713,ST_SHORT,0.9017641,,0,,0,,0,,0,,0,,0,,0,,0,T_SHIRT,0.97470284,ST_JOINT,0.9351491,WHITE,0.91549647,,0,SHORT_SLEEVE,0.90337086,,0,,0,,0,,0,,0,,0,,0,TROUSERS,0.9411942,ST_PURE,0.94376045,BLACK,0.9872897,,0,WALKING_SHOES,0.97803956,,0,YELLOW,0.9017509,BACKPACK,0.9915228,BLACK,0.91203195,,0,/2023/1/11/1/full/64b55678-ceee-4d7e-b367-04680160d230,/2023/1/11/1/cropped/64b55678-ceee-4d7e-b367-04680160d230,886,276,1093,739,
15,5880dde3-51ef-4e20-abbf-bb1a4c2379f9,PERSON_ATTRIBUTE,2023-01-11 16:54:25,1,1,PAOD,ccd09d46-690f-df54-aa94-66f2caa1372a,MALE,0.9813315,chinese,0.93451244,20,0.92673904,50,0.9046019,ST_OLD,0.90626436,0,0,,0,,0,BLACK,0.99103236,ST_SHORT,0.9683597,,0,,0,,0,,0,,0,,0,,0,,0,T_SHIRT,0.91633546,ST_JOINT,0.9287269,WHITE,0.90938723,,0,SHORT_SLEEVE,0.92939,,0,,0,,0,,0,,0,,0,,0,TROUSERS,0.9557538,ST_PURE,0.9550947,BLACK,0.94226724,,0,WALKING_SHOES,0.9180692,,0,YELLOW,0.9433936,BACKPACK,0.92899215,BLACK,0.98142266,,0,/2023/1/11/1/full/5880dde3-51ef-4e20-abbf-bb1a4c2379f9,/2023/1/11/1/cropped/5880dde3-51ef-4e20-abbf-bb1a4c2379f9,886,276,1093,739,
16,55b2ed9d-3a04-4e22-86d6-488dbbb59238,PERSON_ATTRIBUTE,2023-01-11 16:54:47,1,1,PAOD,9c8b3807-8bfb-1b74-9074-d68996d12b38,MALE,0.98909986,chinese,0.92947996,20,0.9285252,50,0.9744414,ST_OLD,0.9578089,0,0,,0,,0,BLACK,0.9783211,ST_SHORT,0.95308554,,0,,0,,0,,0,,0,,0,,0,,0,T_SHIRT,0.9435174,ST_JOINT,0.95642895,WHITE,0.99698424,,0,SHORT_SLEEVE,0.98851645,,0,,0,,0,,0,,0,,0,,0,TROUSERS,0.93289,ST_PURE,0.9615646,BLACK,0.96556216,,0,WALKING_SHOES,0.9770491,,0,YELLOW,0.96341634,BACKPACK,0.99707216,BLACK,0.9488589,,0,/2023/1/11/1/full/55b2ed9d-3a04-4e22-86d6-488dbbb59238,/2023/1/11/1/cropped/55b2ed9d-3a04-4e22-86d6-488dbbb59238,886,276,1093,739,
17,66c6e72f-119b-4d16-a49b-50592b0739e8,PERSON_ATTRIBUTE,2023-01-11 16:55:09,1,1,PAOD,377bd605-a84d-b693-2507-b25bd76d5c81,MALE,0.9966716,chinese,0.965921,20,0.97968537,50,0.9502419,ST_OLD,0.9667969,0,0,,0,,0,BLACK,0.9050378,ST_SHORT,0.94321305,,0,,0,,0,,0,,0,,0,,0,,0,T_SHIRT,0.9059822,ST_JOINT,0.9191441,WHITE,0.9815138,,0,SHORT_SLEEVE,0.98001736,,0,,0,,0,,0,,0,,0,,0,TROUSERS,0.9352108,ST_PURE,0.9344653,BLACK,0.9158124,,0,WALKING_SHOES,0.9966686,,0,YELLOW,0.9013213,BACKPACK,0.9277968,BLACK,0.9934919,,0,/2023/1/11/1/full/66c6e72f-119b-4d16-a49b-50592b0739e8,/2023/1/11/1/cropped/66c6e72f-119b-4d16-a49b-50592b0739e8,886,276,1093,739,
18,45126b01-ae17-4f0c-9d13-b32b991ab812,PERSON_ATTRIBUTE,2023-01-11 16:55:31,1,1,PAOD,b7dbfb7b-b9ed-25d8-514c-609102714be7,MALE,0.9925602,chinese,0.94254625,20,0.9369757,50,0.9580639,ST_OLD,0.9003054,0,0,,0,,0,BLACK,0.96391827,ST_SHORT,0.9482945,,0,,0,,0,,0,,0,,0,,0,,0,T_SHIRT,0.9261677,ST_JOINT,0.9710163,WHITE,0.92478675,,0,SHORT_SLEEVE,0.9258366,,0,,0,,0,,0,,0,,0,,0,TROUSERS,0.96476805,ST_PURE,0.90681106,BLACK,0.9506754,,0,WALKING_SHOES,0.9773049,,0,YELLOW,0.9898998,BACKPACK,0.9549027,BLACK,0.94275445,,0,/2023/1/11/1/full/45126b01-ae17-4f0c-9d13-b32b991ab812,/2023/1/11/1/cropped/45126b01-ae17-4f0c-9d13-b32b991ab812,886,276,1093,739,
19,0b42bfde-9e1f-499f-8e03-cdb6822614a3,PERSON_ATTRIBUTE,2023-01-11 16:55:53,1,1,PAOD,6a60ee81-b37e-17cd-f4b4-504b02340c1a,MALE,0.9284758,chinese,0.9535908,20,0.9167856,50,0.9751139,ST_OLD,0.9341966,0,0,,0,,0,BLACK,0.992081,ST_SHORT,0.97568685,,0,,0,,0,,0,,0,,0,,0,,0,T_SHIRT,0.9952889,ST_JOINT,0.9439582,WHITE,0.9350952,,0,SHORT_SLEEVE,0.90973693,,0,,0,,0,,0,,0,,0,,0,TROUSERS,0.92624897,ST_PURE,0.964728,BLACK,0.90866894,,0,WALKING_SHOES,0.9284639,,0,YELLOW,0.9953201,BACKPACK,0.93198407,BLACK,0.929831,,0,/2023/1/11/1/full/0b42bfde-9e1f-499f-8e03-cdb6822614a3,/2023/1/11/1/cropped/0b42bfde-9e1f-499f-8e03-cdb6822614a3,886,276,1093,739,
20,145fbeec-11a9-48cc-a6ba-57ed7e0ce50c,PERSON_ATTRIBUTE,2023-01-11 14:54:25,1,1,PAOD,6a60ee81-b37e-17cd-f4b4-504b02340c1a,MALE,0.9447222,chinese,0.9014048,18,0.92739874,40,0.9574232,ST_ADULT,0.9740682,0,0,,0,,0,BLACK,0.9876866,ST_SHORT,0.90346634,,0,,0,,0,,0,,0,,0,,0,,0,T_SHIRT,0.9115784,ST_JOINT,0.99891406,WHITE,0.9345832,,0,SHORT_SLEEVE,0.97287023,,0,,0,,0,,0,,0,,0,,0,TROUSERS,0.9874361,ST_PURE,0.9138294,BLUE,0.97499466,,0,WALKING_SHOES,0.9183467,,0,YELLOW,0.94476855,BACKPACK,0.9898337,BLACK,0.9645198,,0,/2023/1/11/1/full/145fbeec-11a9-48cc-a6ba-57ed7e0ce50c,/2023/1/11/1/cropped/145fbeec-11a9-48cc-a6ba-57ed7e0ce50c,886,276,1093,739,
21,49a94086-97c3-4745-bcfc-b3c20ccd603c,PERSON_ATTRIBUTE,2023-01-11 14:54:47,1,1,PAOD,b7dbfb7b-b9ed-25d8-514c-609102714be7,MALE,0.9000991,chinese,0.923601,18,0.905218,40,0.9343957,ST_ADULT,0.91806084,0,0,,0,,0,BLACK,0.9549824,ST_SHORT,0.9009517,,0,,0,,0,,0,,0,,0,,0,,0,T_SHIRT,0.9263761,ST_JOINT,0.9881939,WHITE,0.9611115,,0,SHORT_SLEEVE,0.9564531,,0,,0,,0,,0,,0,,0,,0,TROUSERS,0.91179436,ST_PURE,0.91878736,BLUE,0.951679,,0,WALKING_SHOES,0.99183106,,0,YELLOW,0.94330806,BACKPACK,0.97823656,BLACK,0.9739361,,0,/2023/1/11/1/full/49a94086-97c3-4745-bcfc-b3c20ccd603c,/2023/1/11/1/cropped/49a94086-97c3-4745-bcfc-b3c20ccd603c,886,276,1093,739,
22,7ce2bdce-e9a8-4b13-a4e7-5096acc382ab,PERSON_ATTRIBUTE,2023-01-11 14:55:09,1,1,PAOD,377bd605-a84d-b693-2507-b25bd76d5c81,MALE,0.97827053,chinese,0.9273078,18,0.94946903,40,0.9674188,ST_ADULT,0.9042684,0,0,,0,,0,BLACK,0.9280329,ST_SHORT,0.96690184,,0,,0,,0,,0,,0,,0,,0,,0,T_SHIRT,0.93103606,ST_JOINT,0.9444735,WHITE,0.93153495,,0,SHORT_SLEEVE,0.90492064,,0,,0,,0,,0,,0,,0,,0,TROUSERS,0.961317,ST_PURE,0.9164544,BLUE,0.9602521,,0,WALKING_SHOES,0.9065801,,0,YELLOW,0.9101955,BACKPACK,0.9351312,BLACK,0.97207177,,0,/2023/1/11/1/full/7ce2bdce-e9a8-4b13-a4e7-5096acc382ab,/2023/1/11/1/cropped/7ce2bdce-e9a8-4b13-a4e7-5096acc382ab,886,276,1093,739,
23,e7de073e-398f-4016-bce6-4506bc8d3ec9,PERSON_ATTRIBUTE,2023-01-11 14:55:31,1,1,PAOD,9c8b3807-8bfb-1b74-9074-d68996d12b38,MALE,0.90174735,chinese,0.91168183,18,0.96938103,40,0.9142463,ST_ADULT,0.9715049,0,0,,0,,0,BLACK,0.9110231,ST_SHORT,0.92286676,,0,,0,,0,,0,,0,,0,,0,,0,T_SHIRT,0.9964002,ST_JOINT,0.9326198,WHITE,0.9402558,,0,SHORT_SLEEVE,0.99912906,,0,,0,,0,,0,,0,,0,,0,TROUSERS,0.9304712,ST_PURE,0.9868248,BLUE,0.9169283,,0,WALKING_SHOES,0.908791,,0,YELLOW,0.95360714,BACKPACK,0.95700336,BLACK,0.9060454,,0,/2023/1/11/1/full/e7de073e-398f-4016-bce6-4506bc8d3ec9,/2023/1/11/1/cropped/e7de073e-398f-4016-bce6-4506bc8d3ec9,886,276,1093,739,
24,c66e5c1c-42e3-4816-a085-7482b42a2f15,PERSON_ATTRIBUTE,2023-01-11 14:55:53,1,1,PAOD,ccd09d46-690f-df54-aa94-66f2caa1372a,MALE,0.956333,chinese,0.98499525,18,0.92877805,40,0.9616941,ST_ADULT,0.9925003,0,0,,0,,0,BLACK,0.91544926,ST_SHORT,0.9175931,,0,,0,,0,,0,,0,,0,,0,,0,T_SHIRT,0.9084675,ST_JOINT,0.969867,WHITE,0.9880153,,0,SHORT_SLEEVE,0.9118346,,0,,0,,0,,0,,0,,0,,0,TROUSERS,0.9418019,ST_PURE,0.9827281,BLUE,0.9119363,,0,WALKING_SHOES,0.9528097,,0,YELLOW,0.9425215,BACKPACK,0.98609126,BLACK,0.9141294,,0,/2023/1/11/1/full/c66e5c1c-42e3-4816-a085-7482b42a2f15,/2023/1/11/1/cropped/c66e5c1c-42e3-4816-a085-7482b42a2f15,886,276,1093,739,
25,6a5282d5-3054-41bf-8ea2-2f86a5cd1bea,PERSON_ATTRIBUTE,2023-01-11 16:54:25,1,1,PAOD,ccd09d46-690f-df54-aa94-66f2caa1372a,MALE,0.90612847,chinese,0.9216777,18,0.927909,40,0.97318447,ST_ADULT,0.96818304,0,0,,0,,0,BLACK,0.9717166,ST_SHORT,0.9132451,,0,,0,,0,,0,,0,,0,,0,,0,T_SHIRT,0.9848941,ST_JOINT,0.90573883,WHITE,0.94613934,,0,SHORT_SLEEVE,0.96808696,,0,,0,,0,,0,,0,,0,,0,TROUSERS,0.9613261,ST_PURE,0.9636715,BLUE,0.9636607,,0,WALKING_SHOES,0.91787666,,0,YELLOW,0.9275179,BACKPACK,0.9812363,BLACK,0.93392956,,0,/2023/1/11/1/full/6a5282d5-3054-41bf-8ea2-2f86a5cd1bea,/2023/1/11/1/cropped/6a5282d5-3054-41bf-8ea2-2f86a5cd1bea,886,276,1093,739,
26,2cada011-e008-429e-9c47-68f1e00796f3,PERSON_ATTRIBUTE,2023-01-11 16:54:47,1,1,PAOD,9c8b3807-8bfb-1b74-9074-d68996d12b38,MALE,0.9247859,chinese,0.9286123,18,0.962099,40,0.9084997,ST_ADULT,0.97298276,0,0,,0,,0,BLACK,0.9694513,ST_SHORT,0.94689775,,0,,0,,0,,0,,0,,0,,0,,0,T_SHIRT,0.91546667,ST_JOINT,0.9778029,WHITE,0.9184693,,0,SHORT_SLEEVE,0.973424,,0,,0,,0,,0,,0,,0,,0,TROUSERS,0.9896209,ST_PURE,0.91140014,BLUE,0.9751642,,0,WALKING_SHOES,0.93170303,,0,YELLOW,0.9113392,BACKPACK,0.9078846,BLACK,0.95624304,,0,/2023/1/11/1/full/2cada011-e008-429e-9c47-68f1e00796f3,/2023/1/11/1/cropped/2cada011-e008-429e-9c47-68f1e00796f3,886,276,1093,739,
27,e9872b76-90ae-4350-a612-6201ba6b5860,PERSON_ATTRIBUTE,2023-01-11 16:55:09,1,1,PAOD,377bd605-a84d-b693-2507-b25bd76d5c81,MALE,0.9630506,chinese,0.91341466,18,0.9336021,40,0.9321935,ST_ADULT,0.9494226,0,0,,0,,0,BLACK,0.9249797,ST_SHORT,0.909841,,0,,0,,0,,0,,0,,0,,0,,0,T_SHIRT,0.9763399,ST_JOINT,0.93968344,WHITE,0.9070326,,0,SHORT_SLEEVE,0.9101365,,0,,0,,0,,0,,0,,0,,0,TROUSERS,0.9688387,ST_PURE,0.97848827,BLUE,0.98125374,,0,WALKING_SHOES,0.98001504,,0,YELLOW,0.9410805,BACKPACK,0.9384908,BLACK,0.912218,,0,/2023/1/11/1/full/e9872b76-90ae-4350-a612-6201ba6b5860,/2023/1/11/1/cropped/e9872b76-90ae-4350-a612-6201ba6b5860,886,276,1093,739,
28,b283e6b5-069c-4e2e-a290-eb5a1a6b7e37,PERSON_ATTRIBUTE,2023-01-11 16:55:31,1,1,PAOD,b7dbfb7b-b9ed-25d8-514c-609102714be7,MALE,0.9360949,chinese,0.92534536,18,0.9641464,40,0.90480715,ST_ADULT,0.90996546,0,0,,0,,0,BLACK,0.91467637,ST_SHORT,0.95849293,,0,,0,,0,,0,,0,,0,,0,,0,T_SHIRT,0.92632246,ST_JOINT,0.9712094,WHITE,0.9020241,,0,SHORT_SLEEVE,0.97985464,,0,,0,,0,,0,,0,,0,,0,TROUSERS,0.93972874,ST_PURE,0.9776808,BLUE,0.9918741,,0,WALKING_SHOES,0.95048183,,0,YELLOW,0.9372092,BACKPACK,0.9208516,BLACK,0.9054656,,0,/2023/1/11/1/full/b283e6b5-069c-4e2e-a290-eb5a1a6b7e37,/2023/1/11/1/cropped/b283e6b5-069c-4e2e-a290-eb5a1a6b7e37,886,276,1093,739,
29,8fb32ef8-dfa5-458b-8acc-33b0a5673693,PERSON_ATTRIBUTE,2023-01-11 16:55:53,1,1,PAOD,6a60ee81-b37e-17cd-f4b4-504b02340c1a,MALE,0.9176035,chinese,0.9052195,18,0.92999274,40,0.9795648,ST_ADULT,0.9336051,0,0,,0,,0,BLACK,0.983535,ST_SHORT,0.9774613,,0,,0,,0,,0,,0,,0,,0,,0,T_SHIRT,0.96864235,ST_JOINT,0.9907673,WHITE,0.9450897,,0,SHORT_SLEEVE,0.9810021,,0,,0,,0,,0,,0,,0,,0,TROUSERS,0.9428611,ST_PURE,0.9155079,BLUE,0.9842318,,0,WALKING_SHOES,0.9983597,,0,YELLOW,0.9332106,BACKPACK,0.93543845,BLACK,0.9231005,,0,/2023/1/11/1/full/8fb32ef8-dfa5-458b-8acc-33b0a5673693,/2023/1/11/1/cropped/8fb32ef8-dfa5-458b-8acc-33b0a5673693,886,276,1093,739,
30,bce2d21d-95f6-4bf6-9f4f-386160d5df84,PERSON_ATTRIBUTE,2023-01-11 14:54:25,1,1,PAOD,6a60ee81-b37e-17cd-f4b4-504b02340c1a,MALE,0.95524037,chinese,0.96986586,18,0.9588919,40,0.98820937,ST_ADULT,0.99116695,0,0,,0,,0,BLACK,0.93217593,ST_SHORT,0.9071134,,0,,0,,0,,0,,0,,0,,0,,0,T_SHIRT,0.90427065,ST_JOINT,0.9891329,WHITE,0.9852786,,0,SHORT_SLEEVE,0.91184175,,0,,0,,0,,0,,0,,0,,0,TROUSERS,0.9654624,ST_PURE,0.9281403,GRAY,0.95154667,,0,WALKING_SHOES,0.91313684,,0,YELLOW,0.9926392,BACKPACK,0.91522133,BLACK,0.9646138,,0,/2023/1/11/1/full/bce2d21d-95f6-4bf6-9f4f-386160d5df84,/2023/1/11/1/cropped/bce2d21d-95f6-4bf6-9f4f-386160d5df84,886,276,1093,739,
31,2d81b2f0-c0d9-4829-9cac-1e68d1c238a5,PERSON_ATTRIBUTE,2023-01-11 14:54:47,1,1,PAOD,b7dbfb7b-b9ed-25d8-514c-609102714be7,MALE,0.96279037,chinese,0.9945446,18,0.99872136,40,0.9090869,ST_ADULT,0.9220039,0,0,,0,,0,BLACK,0.9876101,ST_SHORT,0.9670347,,0,,0,,0,,0,,0,,0,,0,,0,T_SHIRT,0.997091,ST_JOINT,0.9748187,WHITE,0.99559927,,0,SHORT_SLEEVE,0.9028593,,0,,0,,0,,0,,0,,0,,0,TROUSERS,0.9019284,ST_PURE,0.91037256,GRAY,0.90207607,,0,WALKING_SHOES,0.93429,,0,YELLOW,0.9378997,BACKPACK,0.91659445,BLACK,0.96068126,,0,/2023/1/11/1/full/2d81b2f0-c0d9-4829-9cac-1e68d1c238a5,/2023/1/11/1/cropped/2d81b2f0-c0d9-4829-9cac-1e68d1c238a5,886,276,1093,739,
32,d3d66464-80ad-4201-9407-3ccc1c3e00e3,PERSON_ATTRIBUTE,2023-01-11 14:55:09,1,1,PAOD,377bd605-a84d-b693-2507-b25bd76d5c81,MALE,0.9404278,chinese,0.948748,18,0.91205186,40,0.91515565,ST_ADULT,0.98156625,0,0,,0,,0,BLACK,0.91448534,ST_SHORT,0.90152806,,0,,0,,0,,0,,0,,0,,0,,0,T_SHIRT,0.94128925,ST_JOINT,0.9658071,WHITE,0.940531,,0,SHORT_SLEEVE,0.98884916,,0,,0,,0,,0,,0,,0,,0,TROUSERS,0.9207319,ST_PURE,0.9937692,GRAY,0.9195247,,0,WALKING_SHOES,0.93790597,,0,YELLOW,0.9296485,BACKPACK,0.9569642,BLACK,0.95907944,,0,/2023/1/11/1/full/d3d66464-80ad-4201-9407-3ccc1c3e00e3,/2023/1/11/1/cropped/d3d66464-80ad-4201-9407-3ccc1c3e00e3,886,276,1093,739,
33,8d5816eb-6801-481c-ba4c-d991e093a2a4,PERSON_ATTRIBUTE,2023-01-11 14:55:31,1,1,PAOD,9c8b3807-8bfb-1b74-9074-d68996d12b38,MALE,0.965856,chinese,0.97484297,18,0.9085998,40,0.9820383,ST_ADULT,0.9978557,0,0,,0,,0,BLACK,0.9428083,ST_SHORT,0.9226557,,0,,0,,0,,0,,0,,0,,0,,0,T_SHIRT,0.92507976,ST_JOINT,0.9629133,WHITE,0.9800187,,0,SHORT_SLEEVE,0.9565972,,0,,0,,0,,0,,0,,0,,0,TROUSERS,0.94194037,ST_PURE,0.9904587,GRAY,0.99806446,,0,WALKING_SHOES,0.9330564,,0,YELLOW,0.9879642,BACKPACK,0.9286606,BLACK,0.9079695,,0,/2023/1/11/1/full/8d5816eb-6801-481c-ba4c-d991e093a2a4,/2023/1/11/1/cropped/8d5816eb-6801-481c-ba4c-d991e093a2a4,886,276,1093,739,
34,b615f469-0c2c-486c-bffd-65dcf72ee4a7,PERSON_ATTRIBUTE,2023-01-11 14:55:53,1,1,PAOD,ccd09d46-690f-df54-aa94-66f2caa1372a,MALE,0.99329287,chinese,0.92366064,18,0.9040527,40,0.9371431,ST_ADULT,0.91272396,0,0,,0,,0,BLACK,0.94357586,ST_SHORT,0.9742717,,0,,0,,0,,0,,0,,0,,0,,0,T_SHIRT,0.9385211,ST_JOINT,0.9480088,WHITE,0.9500101,,0,SHORT_SLEEVE,0.9374017,,0,,0,,0,,0,,0,,0,,0,TROUSERS,0.906489,ST_PURE,0.9640324,GRAY,0.95485353,,0,WALKING_SHOES,0.93803173,,0,YELLOW,0.9743567,BACKPACK,0.95886123,BLACK,0.9170904,,0,/2023/1/11/1/full/b615f469-0c2c-486c-bffd-65dcf72ee4a7,/2023/1/11/1/cropped/b615f469-0c2c-486c-bffd-65dcf72ee4a7,886,276,1093,739,
35,56891fa9-59ca-4b89-8ec4-3bc2f17c46d3,PERSON_ATTRIBUTE,2023-01-11 16:54:25,1,1,PAOD,ccd09d46-690f-df54-aa94-66f2caa1372a,MALE,0.919864,chinese,0.9168373,18,0.90911424,40,0.9718483,ST_ADULT,0.93727124,0,0,,0,,0,BLACK,0.97451985,ST_SHORT,0.9828458,,0,,0,,0,,0,,0,,0,,0,,0,T_SHIRT,0.991977,ST_JOINT,0.9514183,WHITE,0.9911045,,0,SHORT_SLEEVE,0.9119129,,0,,0,,0,,0,,0,,0,,0,TROUSERS,0.9302014,ST_PURE,0.95919,GRAY,0.986984,,0,WALKING_SHOES,0.9084631,,0,YELLOW,0.90804285,BACKPACK,0.9792628,BLACK,0.99181914,,0,/2023/1/11/1/full/56891fa9-59ca-4b89-8ec4-3bc2f17c46d3,/2023/1/11/1/cropped/56891fa9-59ca-4b89-8ec4-3bc2f17c46d3,886,276,1093,739,
36,7e94dc4e-0b86-4601-81d0-6586b2c14fcb,PERSON_ATTRIBUTE,2023-01-11 16:54:47,1,1,PAOD,9c8b3807-8bfb-1b74-9074-d68996d12b38,MALE,0.90755117,chinese,0.9727902,18,0.9635544,40,0.94885653,ST_ADULT,0.93943137,0,0,,0,,0,BLACK,0.9714863,ST_SHORT,0.9230818,,0,,0,,0,,0,,0,,0,,0,,0,T_SHIRT,0.92847455,ST_JOINT,0.9404451,WHITE,0.9047926,,0,SHORT_SLEEVE,0.9370515,,0,,0,,0,,0,,0,,0,,0,TROUSERS,0.99919844,ST_PURE,0.9657898,GRAY,0.9983802,,0,WALKING_SHOES,0.9614635,,0,YELLOW,0.9807274,BACKPACK,0.96059436,BLACK,0.9947633,,0,/2023/1/11/1/full/7e94dc4e-0b86-4601-81d0-6586b2c14fcb,/2023/1/11/1/cropped/7e94dc4e-0b86-4601-81d0-6586b2c14fcb,886,276,1093,739,
37,d0b99a20-acf1-49b3-8e83-23974638191d,PERSON_ATTRIBUTE,2023-01-11 16:55:09,1,1,PAOD,377bd605-a84d-b693-2507-b25bd76d5c81,MALE,0.91472715,chinese,0.90903735,18,0.96282285,40,0.9999168,ST_ADULT,0.9489353,0,0,,0,,0,BLACK,0.9681357,ST_SHORT,0.9701189,,0,,0,,0,,0,,0,,0,,0,,0,T_SHIRT,0.9482946,ST_JOINT,0.923875,WHITE,0.93692815,,0,SHORT_SLEEVE,0.9843584,,0,,0,,0,,0,,0,,0,,0,TROUSERS,0.9316889,ST_PURE,0.9866267,GRAY,0.91463244,,0,WALKING_SHOES,0.961955,,0,YELLOW,0.9397469,BACKPACK,0.9928638,BLACK,0.9065102,,0,/2023/1/11/1/full/d0b99a20-acf1-49b3-8e83-23974638191d,/2023/1/11/1/cropped/d0b99a20-acf1-49b3-8e83-23974638191d,886,276,1093,739,
38,69553261-3e9e-4f0f-90fd-4458abccf8e3,PERSON_ATTRIBUTE,2023-01-11 16:55:31,1,1,PAOD,b7dbfb7b-b9ed-25d8-514c-609102714be7,MALE,0.97161937,chinese,0.9858395,18,0.9878988,40,0.95781416,ST_ADULT,0.91697013,0,0,,0,,0,BLACK,0.9423015,ST_SHORT,0.92251056,,0,,0,,0,,0,,0,,0,,0,,0,T_SHIRT,0.9464464,ST_JOINT,0.9733353,WHITE,0.9603295,,0,SHORT_SLEEVE,0.94467443,,0,,0,,0,,0,,0,,0,,0,TROUSERS,0.9016168,ST_PURE,0.9969679,GRAY,0.90542847,,0,WALKING_SHOES,0.9667568,,0,YELLOW,0.93370783,BACKPACK,0.9463172,BLACK,0.97808945,,0,/2023/1/11/1/full/69553261-3e9e-4f0f-90fd-4458abccf8e3,/2023/1/11/1/cropped/69553261-3e9e-4f0f-90fd-4458abccf8e3,886,276,1093,739,
39,a72b577f-3cfa-4495-acd2-2704f02a54aa,PERSON_ATTRIBUTE,2023-01-11 16:55:53,1,1,PAOD,6a60ee81-b37e-17cd-f4b4-504b02340c1a,MALE,0.97577363,chinese,0.91382855,18,0.9144588,40,0.9308834,ST_ADULT,0.92544556,0,0,,0,,0,BLACK,0.9657665,ST_SHORT,0.949323,,0,,0,,0,,0,,0,,0,,0,,0,T_SHIRT,0.9012368,ST_JOINT,0.92796963,WHITE,0.9847693,,0,SHORT_SLEEVE,0.9742327,,0,,0,,0,,0,,0,,0,,0,TROUSERS,0.9229699,ST_PURE,0.9680871,GRAY,0.9169766,,0,WALKING_SHOES,0.9856891,,0,YELLOW,0.9925079,BACKPACK,0.98746955,BLACK,0.9819862,,0,/2023/1/11/1/full/a72b577f-3cfa-4495-acd2-2704f02a54aa,/2023/1/11/1/cropped/a72b577f-3cfa-4495-acd2-2704f02a54aa,886,276,1093,739,
40,6cb5fdca-a648-44ed-bddc-48b55ed4bd18,PERSON_ATTRIBUTE,2023-01-11 14:54:25,1,1,PAOD,6a60ee81-b37e-17cd-f4b4-504b02340c1a,MALE,0.9870007,chinese,0.96614677,18,0.927787,40,0.9234973,ST_ADULT,0.9580671,0,0,,0,,0,BLACK,0.99689454,ST_SHORT,0.9697394,,0,,0,,0,,0,,0,,0,,0,,0,T_SHIRT,0.90866506,ST_JOINT,0.99582666,BLACK,0.94447994,,0,SHORT_SLEEVE,0.95721763,,0,,0,,0,,0,,0,,0,,0,TROUSERS,0.922635,ST_PURE,0.94934475,GRAY,0.9498582,,0,WALKING_SHOES,0.9580195,,0,YELLOW,0.94336903,BACKPACK,0.91753805,BLACK,0.997127,,0,/2023/1/11/1/full/6cb5fdca-a648-44ed-bddc-48b55ed4bd18,/2023/1/11/1/cropped/6cb5fdca-a648-44ed-bddc-48b55ed4bd18,886,276,1093,739,
41,394c03cb-a3d3-4174-94ec-0a606eda16a9,PERSON_ATTRIBUTE,2023-01-11 14:54:47,1,1,PAOD,b7dbfb7b-b9ed-25d8-514c-609102714be7,MALE,0.9155381,chinese,0.9751703,18,0.9303481,40,0.9360212,ST_ADULT,0.9846288,0,0,,0,,0,BLACK,0.9983249,ST_SHORT,0.96586263,,0,,0,,0,,0,,0,,0,,0,,0,T_SHIRT,0.9384524,ST_JOINT,0.9112841,BLACK,0.99264103,,0,SHORT_SLEEVE,0.9227805,,0,,0,,0,,0,,0,,0,,0,TROUSERS,0.99800086,ST_PURE,0.9996419,GRAY,0.9699366,,0,WALKING_SHOES,0.932648,,0,YELLOW,0.9383544,BACKPACK,0.95895845,BLACK,0.93852556,,0,/2023/1/11/1/full/394c03cb-a3d3-4174-94ec-0a606eda16a9,/2023/1/11/1/cropped/394c03cb-a3d3-4174-94ec-0a606eda16a9,886,276,1093,739,
42,a07ad698-6c90-4f98-bffc-57b65b9e0751,PERSON_ATTRIBUTE,2023-01-11 14:55:09,1,1,PAOD,377bd605-a84d-b693-2507-b25bd76d5c81,MALE,0.9782731,chinese,0.93593204,18,0.97692996,40,0.9607188,ST_ADULT,0.97616917,0,0,,0,,0,BLACK,0.98148346,ST_SHORT,0.99386525,,0,,0,,0,,0,,0,,0,,0,,0,T_SHIRT,0.9145534,ST_JOINT,0.9664954,BLACK,0.95774215,,0,SHORT_SLEEVE,0.9673108,,0,,0,,0,,0,,0,,0,,0,TROUSERS,0.9492652,ST_PURE,0.97476685,GRAY,0.9406391,,0,WALKING_SHOES,0.9155072,,0,YELLOW,0.9566749,BACKPACK,0.9966622,BLACK,0.95346177,,0,/2023/1/11/1/full/a07ad698-6c90-4f98-bffc-57b65b9e0751,/2023/1/11/1/cropped/a07ad698-6c90-4f98-bffc-57b65b9e0751,886,276,1093,739,
43,5722c5cf-3376-49c1-b791-7ea7f5a0b356,PERSON_ATTRIBUTE,2023-01-11 14:55:31,1,1,PAOD,9c8b3807-8bfb-1b74-9074-d68996d12b38,MALE,0.9221912,chinese,0.99478316,18,0.95840037,40,0.96469665,ST_ADULT,0.9038579,0,0,,0,,0,BLACK,0.97796726,ST_SHORT,0.9854378,,0,,0,,0,,0,,0,,0,,0,,0,T_SHIRT,0.96012264,ST_JOINT,0.9035956,BLACK,0.9007176,,0,SHORT_SLEEVE,0.9752077,,0,,0,,0,,0,,0,,0,,0,TROUSERS,0.9327369,ST_PURE,0.9103526,GRAY,0.9773097,,0,WALKING_SHOES,0.9733423,,0,YELLOW,0.99145836,BACKPACK,0.9440798,BLACK,0.9835819,,0,/2023/1/11/1/full/5722c5cf-3376-49c1-b791-7ea7f5a0b356,/2023/1/11/1/cropped/5722c5cf-3376-49c1-b791-7ea7f5a0b356,886,276,1093,739,
44,bfc94911-c547-4a38-b06e-34ec2ad58758,PERSON_ATTRIBUTE,2023-01-11 14:55:53,1,1,PAOD,ccd09d46-690f-df54-aa94-66f2caa1372a,MALE,0.9565772,chinese,0.92345935,18,0.9367101,40,0.98822284,ST_ADULT,0.9213111,0,0,,0,,0,BLACK,0.9303155,ST_SHORT,0.993463,,0,,0,,0,,0,,0,,0,,0,,0,T_SHIRT,0.97322655,ST_JOINT,0.9754587,BLACK,0.9123644,,0,SHORT_SLEEVE,0.96910226,,0,,0,,0,,0,,0,,0,,0,TROUSERS,0.98360103,ST_PURE,0.99136794,GRAY,0.9513159,,0,WALKING_SHOES,0.9944287,,0,YELLOW,0.97698444,BACKPACK,0.9002026,BLACK,0.9170944,,0,/2023/1/11/1/full/bfc94911-c547-4a38-b06e-34ec2ad58758,/2023/1/11/1/cropped/bfc94911-c547-4a38-b06e-34ec2ad58758,886,276,1093,739,
45,83222825-294e-45ba-bf7b-471b6e4f483b,PERSON_ATTRIBUTE,2023-01-11 16:54:25,1,1,PAOD,ccd09d46-690f-df54-aa94-66f2caa1372a,MALE,0.9390411,chinese,0.9430496,18,0.9214372,40,0.9370647,ST_ADULT,0.931911,0,0,,0,,0,BLACK,0.9211838,ST_SHORT,0.9688962,,0,,0,,0,,0,,0,,0,,0,,0,T_SHIRT,0.9130688,ST_JOINT,0.9662531,BLACK,0.96095437,,0,SHORT_SLEEVE,0.90936166,,0,,0,,0,,0,,0,,0,,0,TROUSERS,0.98932546,ST_PURE,0.94943994,GRAY,0.9880648,,0,WALKING_SHOES,0.917408,,0,YELLOW,0.9362374,BACKPACK,0.922323,BLACK,0.93734205,,0,/2023/1/11/1/full/83222825-294e-45ba-bf7b-471b6e4f483b,/2023/1/11/1/cropped/83222825-294e-45ba-bf7b-471b6e4f483b,886,276,1093,739,
46,1056dbef-f9d2-4f30-a9f9-761580eddfa7,PERSON_ATTRIBUTE,2023-01-11 16:54:47,1,1,PAOD,9c8b3807-8bfb-1b74-9074-d68996d12b38,MALE,0.97605574,chinese,0.91491765,18,0.97520375,40,0.9209634,ST_ADULT,0.9551354,0,0,,0,,0,BLACK,0.9818816,ST_SHORT,0.95079786,,0,,0,,0,,0,,0,,0,,0,,0,T_SHIRT,0.91038334,ST_JOINT,0.9543394,BLACK,0.998761,,0,SHORT_SLEEVE,0.943648,,0,,0,,0,,0,,0,,0,,0,TROUSERS,0.9195489,ST_PURE,0.9286057,GRAY,0.93845135,,0,WALKING_SHOES,0.98108864,,0,YELLOW,0.98985696,BACKPACK,0.9312716,BLACK,0.9461784,,0,/2023/1/11/1/full/1056dbef-f9d2-4f30-a9f9-761580eddfa7,/2023/1/11/1/cropped/1056dbef-f9d2-4f30-a9f9-761580eddfa7,886,276,1093,739,
47,31ee2254-326e-4137-a946-87e09fae994a,PERSON_ATTRIBUTE,2023-01-11 16:55:09,1,1,PAOD,377bd605-a84d-b693-2507-b25bd76d5c81,MALE,0.98104364,chinese,0.90736425,18,0.96087337,40,0.96109676,ST_ADULT,0.90577394,0,0,,0,,0,BLACK,0.9708092,ST_SHORT,0.9766311,,0,,0,,0,,0,,0,,0,,0,,0,T_SHIRT,0.9497418,ST_JOINT,0.9924832,BLACK,0.94372493,,0,SHORT_SLEEVE,0.96245944,,0,,0,,0,,0,,0,,0,,0,TROUSERS,0.9026128,ST_PURE,0.9836985,GRAY,0.9419394,,0,WALKING_SHOES,0.9127093,,0,YELLOW,0.92497575,BACKPACK,0.9716354,BLACK,0.9753102,,0,/2023/1/11/1/full/31ee2254-326e-4137-a946-87e09fae994a,/2023/1/11/1/cropped/31ee2254-326e-4137-a946-87e09fae994a,886,276,1093,739,
48,d2228a7d-7fa5-43a3-b781-44d1cd325793,PERSON_ATTRIBUTE,2023-01-11 16:55:31,1,1,PAOD,b7dbfb7b-b9ed-25d8-514c-609102714be7,MALE,0.9783057,chinese,0.96215147,18,0.9029329,40,0.9155311,ST_ADULT,0.90738624,0,0,,0,,0,BLACK,0.92628944,ST_SHORT,0.9904756,,0,,0,,0,,0,,0,,0,,0,,0,T_SHIRT,0.9691126,ST_JOINT,0.994776,BLACK,0.93158954,,0,SHORT_SLEEVE,0.90604717,,0,,0,,0,,0,,0,,0,,0,TROUSERS,0.90893924,ST_PURE,0.9017467,GRAY,0.9949757,,0,WALKING_SHOES,0.9885547,,0,YELLOW,0.9785233,BACKPACK,0.9163788,BLACK,0.9548565,,0,/2023/1/11/1/full/d2228a7d-7fa5-43a3-b781-44d1cd325793,/2023/1/11/1/cropped/d2228a7d-7fa5-43a3-b781-44d1cd325793,886,276,1093,739,
49,f18b4bbe-33c5-44e0-bfb3-e4995aded718,PERSON_ATTRIBUTE,2023-01-11 16:55:53,1,1,PAOD,6a60ee81-b37e-17cd-f4b4-504b02340c1a,MALE,0.9069778,chinese,0.9929243,18,0.9212991,40,0.9933353,ST_ADULT,0.9840674,0,0,,0,,0,BLACK,0.90595186,ST_SHORT,0.93832624,,0,,0,,0,,0,,0,,0,,0,,0,T_SHIRT,0.99168855,ST_JOINT,0.9132874,BLACK,0.94439477,,0,SHORT_SLEEVE,0.98334134,,0,,0,,0,,0,,0,,0,,0,TROUSERS,0.9973367,ST_PURE,0.9912519,GRAY,0.9146091,,0,WALKING_SHOES,0.98704195,,0,YELLOW,0.9056369,BACKPACK,0.91125613,BLACK,0.9568947,,0,/2023/1/11/1/full/f18b4bbe-33c5-44e0-bfb3-e4995aded718,/2023/1/11/1/cropped/f18b4bbe-33c5-44e0-bfb3-e4995aded718,886,276,1093,739,
50,514c8bc7-b269-4b33-b20d-337303d018d3,PERSON_ATTRIBUTE,2023-01-11 14:54:25,1,1,PAOD,6a60ee81-b37e-17cd-f4b4-504b02340c1a,MALE,0.92066354,chinese,0.94071096,18,0.9690451,40,0.9263613,ST_ADULT,0.93984264,0,0,,0,,0,BLACK,0.9372781,ST_SHORT,0.9285751,,0,,0,,0,,0,,0,,0,,0,,0,T_SHIRT,0.9450112,ST_JOINT,0.9944434,RED,0.95059854,,0,SHORT_SLEEVE,0.9907417,,0,,0,,0,,0,,0,,0,,0,TROUSERS,0.9774093,ST_PURE,0.95971936,GRAY,0.9748065,,0,WALKING_SHOES,0.9760459,,0,YELLOW,0.9495243,BACKPACK,0.9498674,BLACK,0.9029995,,0,/2023/1/11/1/full/514c8bc7-b269-4b33-b20d-337303d018d3,/2023/1/11/1/cropped/514c8bc7-b269-4b33-b20d-337303d018d3,886,276,1093,739,
51,467bbad1-8053-400f-90d5-2e8010687057,PERSON_ATTRIBUTE,2023-01-11 14:54:47,1,1,PAOD,b7dbfb7b-b9ed-25d8-514c-609102714be7,MALE,0.9746246,chinese,0.97733605,18,0.95967793,40,0.9268536,ST_ADULT,0.9072084,0,0,,0,,0,BLACK,0.9827828,ST_SHORT,0.96496457,,0,,0,,0,,0,,0,,0,,0,,0,T_SHIRT,0.92675793,ST_JOINT,0.9492781,RED,0.9109574,,0,SHORT_SLEEVE,0.9887165,,0,,0,,0,,0,,0,,0,,0,TROUSERS,0.96983147,ST_PURE,0.9420612,GRAY,0.92804325,,0,WALKING_SHOES,0.940851,,0,YELLOW,0.9927211,BACKPACK,0.93942195,BLACK,0.9707199,,0,/2023/1/11/1/full/467bbad1-8053-400f-90d5-2e8010687057,/2023/1/11/1/cropped/467bbad1-8053-400f-90d5-2e8010687057,886,276,1093,739,
52,07341ba6-5002-4fc2-a46a-93e8844f924f,PERSON_ATTRIBUTE,2023-01-11 14:55:09,1,1,PAOD,377bd605-a84d-b693-2507-b25bd76d5c81,MALE,0.93782586,chinese,0.95618767,18,0.95309746,40,0.9002157,ST_ADULT,0.94428897,0,0,,0,,0,BLACK,0.946382,ST_SHORT,0.90413415,,0,,0,,0,,0,,0,,0,,0,,0,T_SHIRT,0.9588246,ST_JOINT,0.99262774,RED,0.9427932,,0,SHORT_SLEEVE,0.9875528,,0,,0,,0,,0,,0,,0,,0,TROUSERS,0.9009298,ST_PURE,0.9670053,GRAY,0.9834778,,0,WALKING_SHOES,0.9544429,,0,YELLOW,0.9235972,BACKPACK,0.97030044,BLACK,0.9460242,,0,/2023/1/11/1/full/07341ba6-5002-4fc2-a46a-93e8844f924f,/2023/1/11/1/cropped/07341ba6-5002-4fc2-a46a-93e8844f924f,886,276,1093,739,
53,a78c54e2-7b60-40c1-95be-ace5d4892dc4,PERSON_ATTRIBUTE,2023-01-11 14:55:31,1,1,PAOD,9c8b3807-8bfb-1b74-9074-d68996d12b38,MALE,0.9001351,chinese,0.9656269,18,0.9803481,40,0.92996764,ST_ADULT,0.94353276,0,0,,0,,0,BLACK,0.9323909,ST_SHORT,0.9820552,,0,,0,,0,,0,,0,,0,,0,,0,T_SHIRT,0.90812546,ST_JOINT,0.90935904,RED,0.99771005,,0,SHORT_SLEEVE,0.9172599,,0,,0,,0,,0,,0,,0,,0,TROUSERS,0.9302604,ST_PURE,0.9096685,GRAY,0.9496975,,0,WALKING_SHOES,0.96632594,,0,YELLOW,0.9883553,BACKPACK,0.9909328,BLACK,0.9618741,,0,/2023/1/11/1/full/a78c54e2-7b60-40c1-95be-ace5d4892dc4,/2023/1/11/1/cropped/a78c54e2-7b60-40c1-95be-ace5d4892dc4,886,276,1093,739,
54,84b56ffd-7334-4c7f-a16b-679f23722ff7,PERSON_ATTRIBUTE,2023-01-11 14:55:53,1,1,PAOD,ccd09d46-690f-df54-aa94-66f2caa1372a,MALE,0.90066,chinese,0.90147847,18,0.9630987,40,0.9377845,ST_ADULT,0.9368851,0,0,,0,,0,BLACK,0.94427854,ST_SHORT,0.9146119,,0,,0,,0,,0,,0,,0,,0,,0,T_SHIRT,0.96949434,ST_JOINT,0.96128416,RED,0.9643705,,0,SHORT_SLEEVE,0.97919774,,0,,0,,0,,0,,0,,0,,0,TROUSERS,0.9792069,ST_PURE,0.9277937,GRAY,0.93358886,,0,WALKING_SHOES,0.9253087,,0,YELLOW,0.9717936,BACKPACK,0.91834325,BLACK,0.9408361,,0,/2023/1/11/1/full/84b56ffd-7334-4c7f-a16b-679f23722ff7,/2023/1/11/1/cropped/84b56ffd-7334-4c7f-a16b-679f23722ff7,886,276,1093,739,
55,8153eef1-8d0a-41e2-a4a4-a14efa2c2555,PERSON_ATTRIBUTE,2023-01-11 16:54:25,1,1,PAOD,ccd09d46-690f-df54-aa94-66f2caa1372a,MALE,0.99080116,chinese,0.98825544,18,0.9031202,40,0.93733984,ST_ADULT,0.9952378,0,0,,0,,0,BLACK,0.9771072,ST_SHORT,0.9372318,,0,,0,,0,,0,,0,,0,,0,,0,T_SHIRT,0.970322,ST_JOINT,0.9132104,RED,0.9255276,,0,SHORT_SLEEVE,0.9283359,,0,,0,,0,,0,,0,,0,,0,TROUSERS,0.9880802,ST_PURE,0.9208902,GRAY,0.980394,,0,WALKING_SHOES,0.9278472,,0,YELLOW,0.91682774,BACKPACK,0.91263473,BLACK,0.97934365,,0,/2023/1/11/1/full/8153eef1-8d0a-41e2-a4a4-a14efa2c2555,/2023/1/11/1/cropped/8153eef1-8d0a-41e2-a4a4-a14efa2c2555,886,276,1093,739,
56,678549f1-b535-40aa-b7b7-5811fa837f88,PERSON_ATTRIBUTE,2023-01-11 16:54:47,1,1,PAOD,9c8b3807-8bfb-1b74-9074-d68996d12b38,MALE,0.9461053,chinese,0.92741394,18,0.91216767,40,0.96001405,ST_ADULT,0.9199603,0,0,,0,,0,BLACK,0.9611406,ST_SHORT,0.97287273,,0,,0,,0,,0,,0,,0,,0,,0,T_SHIRT,0.92832404,ST_JOINT,0.9518649,RED,0.9271234,,0,SHORT_SLEEVE,0.9444968,,0,,0,,0,,0,,0,,0,,0,TROUSERS,0.97302675,ST_PURE,0.9560419,GRAY,0.9926926,,0,WALKING_SHOES,0.9613467,,0,YELLOW,0.95295566,BACKPACK,0.97697604,BLACK,0.9214504,,0,/2023/1/11/1/full/678549f1-b535-40aa-b7b7-5811fa837f88,/2023/1/11/1/cropped/678549f1-b535-40aa-b7b7-5811fa837f88,886,276,1093,739,
57,7c258942-b2cd-44ee-b251-418db0d87af1,PERSON_ATTRIBUTE,2023-01-11 16:55:09,1,1,PAOD,377bd605-a84d-b693-2507-b25bd76d5c81,MALE,0.91040623,chinese,0.9261663,18,0.9916759,40,0.97607285,ST_ADULT,0.9412117,0,0,,0,,0,BLACK,0.9441869,ST_SHORT,0.9910331,,0,,0,,0,,0,,0,,0,,0,,0,T_SHIRT,0.95449936,ST_JOINT,0.9593475,RED,0.9056146,,0,SHORT_SLEEVE,0.95160264,,0,,0,,0,,0,,0,,0,,0,TROUSERS,0.90904236,ST_PURE,0.96574837,GRAY,0.9324753,,0,WALKING_SHOES,0.9274429,,0,YELLOW,0.9006337,BACKPACK,0.9497818,BLACK,0.9895662,,0,/2023/1/11/1/full/7c258942-b2cd-44ee-b251-418db0d87af1,/2023/1/11/1/cropped/7c258942-b2cd-44ee-b251-418db0d87af1,886,276,1093,739,
58,6acc8f1c-36f9-4046-b898-153d8f00c9ef,PERSON_ATTRIBUTE,2023-01-11 16:55:31,1,1,PAOD,b7dbfb7b-b9ed-25d8-514c-609102714be7,MALE,0.9138894,chinese,0.9662011,18,0.9144751,40,0.96586037,ST_ADULT,0.9978605,0,0,,0,,0,BLACK,0.9532999,ST_SHORT,0.93426335,,0,,0,,0,,0,,0,,0,,0,,0,T_SHIRT,0.9414224,ST_JOINT,0.98730975,RED,0.97021884,,0,SHORT_SLEEVE,0.9821973,,0,,0,,0,,0,,0,,0,,0,TROUSERS,0.9169927,ST_PURE,0.92627996,GRAY,0.90990645,,0,WALKING_SHOES,0.9557042,,0,YELLOW,0.9695302,BACKPACK,0.9672402,BLACK,0.95307815,,0,/2023/1/11/1/full/6acc8f1c-36f9-4046-b898-153d8f00c9ef,/2023/1/11/1/cropped/6acc8f1c-36f9-4046-b898-153d8f00c9ef,886,276,1093,739,
59,3c25f75c-ed1b-4704-9b12-5ea13c47e83b,PERSON_ATTRIBUTE,2023-01-11 16:55:53,1,1,PAOD,6a60ee81-b37e-17cd-f4b4-504b02340c1a,MALE,0.91939443,chinese,0.9199652,18,0.9405657,40,0.94226116,ST_ADULT,0.97756404,0,0,,0,,0,BLACK,0.9310219,ST_SHORT,0.98051554,,0,,0,,0,,0,,0,,0,,0,,0,T_SHIRT,0.9110081,ST_JOINT,0.98129296,RED,0.90420187,,0,SHORT_SLEEVE,0.9073886,,0,,0,,0,,0,,0,,0,,0,TROUSERS,0.9071262,ST_PURE,0.9496104,GRAY,0.9259638,,0,WALKING_SHOES,0.9055499,,0,YELLOW,0.9296892,BACKPACK,0.9948955,BLACK,0.9168487,,0,/2023/1/11/1/full/3c25f75c-ed1b-4704-9b12-5ea13c47e83b,/2023/1/11/1/cropped/3c25f75c-ed1b-4704-9b12-5ea13c47e83b,886,276,1093,739,
